poapAddress,validatorIndex
0x00057ef157d01c28da3e545487a4d93f55b70842,[15871]
0x0007a75d9fd37a8d341465e50ed7c0874eb16076,[1644]
0x00c710e0de370d32296ec5bc6b84a52736806d9c,"[2646, 2647, 2648, 2649, 2650, 2651, 2652, 2654, 2655, 2657, 2658, 2660, 2663, 2664, 2665, 2667, 2668, 2669, 2670, 2671, 2674, 2676, 2677, 2679, 2680, 2682, 2683, 2684, 2686, 2687, 2688, 2689, 2690, 2691, 2692, 2693, 2694, 2696, 2697, 2701, 2702, 2703, 2705, 2707, 2708, 2709, 2711, 2712, 2714, 2715, 2716, 2717, 2718, 2720, 2721, 2722, 2724, 2725]"
0x00ed7b535d80c0d4da502184985714caf099e3ea,[19672]
0x00f3a75eb9cdd591454836f9f1bc5eea90d8d102,[12003]
0x010af29077a8520cc3f55be2031d7e37808ba137,"[2329, 2340, 2357, 2364, 2367, 2368, 2380, 2403, 2438, 2442, 2471, 2472, 2479, 2482, 2489, 2502, 7941]"
0x022ca32d31da3ef85922aafd9ad29c5b2418172c,[7974]
0x031b802b4c275492c9634865f827147039aaf356,[9096]
0x031e2e67bee28088c6899298f8f5720a88ded3cf,[16060]
0x0320c78f5a09b05963dc5587e7af673041893051,"[9284, 9285]"
0x03a40eca8b9b77c204206277d018cfe1cfea66c2,[216]
0x0506770e0111999da69148cae4a43dd9bd5bd850,[12634]
0x0513647e69d5b2acce36acc31a8895989cd5178a,[12861]
0x055c55d68781127a25c5bc5c909790d3c0ba49b9,"[18799, 18806, 18809, 18814]"
0x060c433b309bfff14dd6f2db790fa7928480f5b6,"[1822, 2785, 2788, 2789, 2790, 2791, 2792, 2793, 2795]"
0x063cd72c1c0ddef2033dcc76c54674611edac25a,[13905]
0x065f3f3ff5365cf121f450213a40fcb197a36d82,[9567]
0x0678527f9f3e048bb0becb0fe0d8f5a4a0fdad44,"[21817, 21819]"
0x06ca94c36ef42105621d9b3229db4b1418dfcadc,"[138, 139, 140]"
0x073707215b3d0541358c6ace45752798e0941203,[18976]
0x074fc04df143f5d689c44057eecaea5f360f6bb3,[12979]
0x076ff6a2a18d29ba1f378bc0865177b5fb2710b5,[16404]
0x07f20b1265059feb39d605e8476aa51595483ec6,"[22652, 22654, 22785, 22786, 22789, 22792, 22793, 22795, 22796, 22797, 22798, 22801, 22802, 22803, 22808, 22810, 22811, 22812, 22813, 22814]"
0x08709a90c009250f0968c661ffbefb35a48f84b6,[3086]
0x088953d68e9af6700eb75a5b59c5853cb6a9017d,[1513]
0x09229be5011e073165c87b788c8407390c61a43f,"[8509, 8512]"
0x09263c3bcee3bd42849e1a8133076c4118042e23,[18788]
0x0945c91d5ddc3cdfdf7fdd45ded0746d0f31296e,"[9131, 9133]"
0x09a6af0fe48c9eef08144fb3f2e47d54097baa6b,"[6068, 6071, 6072, 6074]"
0x09af713dfa98d66c606dd30227bf8d815df3fc92,[9667]
0x09c42e280047fd190ea406819fd68419f7a1e5a1,[19057]
0x0a8ef379a729e9b009e5f09a7364c7ac6768e63c,[15508]
0x0abf3b8f4c6b6c4ab85277920ec6da7ab60de9dd,"[3316, 3318, 3319, 3320, 3322, 3323, 3324, 3325, 3326, 3327, 3328, 3329, 3330, 3331, 3332, 3333, 3335, 3337, 3339, 3340, 3342, 3343, 3344]"
0x0b7ba2fc6388ba33295831e9d302d700c6015fff,[12073]
0x0b80ce1ed63dad444cb5b6b75ab914537034d460,"[242, 244, 245, 246, 248, 249, 250, 18807, 18808, 18812, 18815, 18816, 18817, 18818, 18820]"
0x0bc83a83a66f32b24fd1fb2f2745ed582c4824fe,[8688]
0x0bd43047da61afc9514eb1d24cdd49de6f02207e,[8557]
0x0c683b9a1c89650109a506215ca72c9c905ec1f0,"[12162, 12163]"
0x0cb577c55a2e7ce0cf2bf1b63ef75a4d3f8019f2,"[2890, 2891, 2892, 2893, 2894, 2905, 2906, 2908]"
0x0cbae1432680e0f2160b919870d75f21d6e5c9ec,"[6064, 6065, 6066, 6067, 6075, 6076, 6078, 6088, 7029, 7032, 7038, 7127, 7128, 7134, 7141, 7185, 7195, 7197, 7205]"
0x0cbf26cf9a087a2b4756942ab0edfd2039018b5f,[7701]
0x0ce14196a7f66aa4664084781edf8781431b69e4,"[13136, 13163, 13194, 13196]"
0x0ce7365fb32e650229696ae2da631eeeac15cc1d,[183]
0x0dd56de3c54a5d21a2ee080af797df559f80abae,"[144, 9838, 9981]"
0x0ddb73a04c218b533b78237d47e85f84037afc51,[1645]
0x0dde2e438d72e54c8d2e81f1bf51f42646e6c467,[11671]
0x0e132164d513179613341df2cb481d0498219ede,[8463]
0x0e892dac778626ed41a97978df7075921c49b9d4,"[13863, 21533]"
0x0ee8bc562f05bffbb47e2136ad045ad1ff603f8e,[1794]
0x0eee9b64879b4a541d44d1b2d1bfdfc1d767457b,[8268]
0x0fc338d0a925fa564171d1d7c0ffdb271ad19d49,[7970]
0x0ffb4a412e1aa15295f3b0e28fd79092b88b2db3,[7578]
0x1066e417449763f5dc623091dcc8379c4bc758d9,[1576]
0x10ee4a1afd15073a97975236dced5d95e68477ea,[9696]
0x113cbc79b22877a77705e50e94826376171b433d,"[19092, 19164, 19265, 19269, 19288, 19290, 19350, 19351, 19359, 19367, 19504, 19506, 19510, 19511, 19512, 19513, 19515, 19516, 19551, 19552, 19555, 19556, 19565, 19567, 19569, 19570, 19571, 19573, 19574, 19576, 19580, 19592, 19593, 19596, 19597, 19598, 19608, 19609, 19610, 19611, 19612, 19613, 19614, 19615, 19616, 19617, 19618, 19619, 19620, 19621, 19622, 19623, 19624, 19625, 19626, 19628, 19630, 19631, 19632, 19633, 19634, 19635, 19637, 19638, 19639, 19640, 19641, 19642, 19643, 19644, 19645, 19647, 19648, 19649, 19651, 19652, 19653, 19654, 19655, 19656, 19660]"
0x119b49a1c266c67656d098c320b697cc5ce94c43,"[1858, 11428]"
0x1266924f254a0572fe93bf05f74187bb10c6676b,[191]
0x1276e77dec623f193dc1dbf5607ee7a3c14d6b0a,"[2619, 2620]"
0x12b82392648e49a76226ccb9c1a81e3960312a93,[19068]
0x12e23788c4b571f6c6124ff9f7d16de96398c2dd,"[12160, 20035]"
0x1337c0de7360c041fc72b08b97de0d88475a1c5b,"[63, 19601]"
0x13dae9bd6517820244d440e807e8ecd585a0ae9c,[1372]
0x143884b56a50c2ce9a90c4029f339672a8dfc1ae,"[13857, 13906]"
0x1477d2a1d140e02b669e7623a9613c3cf9283521,[19900]
0x14f8402cfeadb98df5a4ef6b3e45004130db8d23,[21792]
0x150f2c2d199a54aac8dbb9959c99eed50bdc4ea1,[9559]
0x153bf1405804309ff56e87b0c1d783d1cc4b5f8f,[1323]
0x155eca19967a30b27eb3b182a2e057cbcc314278,[3188]
0x15a5c052ade64500a8bc19190ad0792edf90bb8a,[8499]
0x15d22d4e99f14e61a293893d3a3292aaebc9252b,[2525]
0x1623b06f4cf1dd0f88b2ccdaeb0811c064c9e982,[2616]
0x1678818bebdb4449e60522a928645553456d849f,"[14858, 14859, 14861, 14862, 14863]"
0x17218267eb235cdc5cacd80633d18c4603c78048,"[483, 484, 485]"
0x172c015dab2ab790f5c639cdb996a29349a72086,[21069]
0x174da907db087f85e8d43b6e2af755260f900810,"[21843, 21844]"
0x1755cee5b7f69a65c0bdb528b3e485f29acce41b,"[1772, 1773, 1774, 1775, 1779, 1780, 1781, 1782, 1783, 1784, 1786, 1787, 1788, 1790]"
0x1755f8e0345183c723351584946246bb705a80d6,"[20102, 20111, 20113, 20116, 20123]"
0x177f7cb5dbb6bfed435d70b260e035c7e4d6a2f5,"[4620, 4621, 4623, 4625, 4626, 4627, 4628, 4645, 4646, 4647, 4648, 4649, 4650, 4655, 4659, 4662, 4668]"
0x181651fa9549d5b143feb5095448de2d20ee7d0a,"[19021, 19022, 19023]"
0x18581342e674b32746f2efc2c0b921da075b74a9,"[20209, 20210, 20211, 20214, 20215, 20216, 20217, 20218]"
0x185ae85fd1875998ab7d6a81e1fa3a9049674afa,"[18330, 18551]"
0x18a59fd07bb64609743f85bfa4246d8c9a035faa,"[6089, 6090, 6091, 6092, 6094, 6096, 6097, 6098, 6100, 6101, 6104, 6105, 6106, 6107, 6108, 6125]"
0x19031c02db094b64b7688a88dfdd084ef5c3fbff,[1509]
0x193bd90b68eb1df24d9c52d78960717b5e2ec9bb,"[1216, 1217, 1218, 1219, 12896, 12897, 12898, 12917, 12919]"
0x1959062d601c40ef3b093a63f0954c6ee54a0a0f,"[9993, 9994, 9995, 9997, 9998, 10000, 10003, 10008]"
0x199384a7df4f03cab2a68f9d296ec56a0f5ada4f,"[12985, 12987]"
0x1a47d2dbb73f31cf49c7b2323cbce914e4b4ddb0,[17970]
0x1aafbfb226a5f152e5df96079abddf0eae2bf247,[15243]
0x1aea9bd458d546b7344c66b48b831c4d54283483,[19575]
0x1aff1e0f1d5f76f92145a278d8c31af9ade783dd,[16750]
0x1c84605714233a23bfed39a5c3ab1b652a484367,[13612]
0x1cb9df69360481fc20a5f569590cdbad0f9d27ad,"[9673, 9677, 9681, 9689, 9729, 9874, 9878, 9884, 9889, 9922, 9960, 10015, 10016, 10033, 10038, 10041, 10044, 10050, 10062, 10076, 10081]"
0x1ccb732a4517f397c86c03ae9e4fe5ecf7231e1d,"[9154, 9156]"
0x1d5e0b1ee92ecd6622b5b973bcc350b75ac63b06,[15930]
0x1db42dd3747cbcd871895455b53076438d444088,[12687]
0x1df8d566901dd7129fa6a7cc45a24547a9e94383,[8920]
0x1e44e34c1e07ae17eb90ffddb219db5e55b2776f,"[1867, 1868, 1869]"
0x1ea2ae4f384a804421c200d46f8d31f1dc20fdf9,[5906]
0x1ec310799596515179c0a8ec99b4c9a882883d5b,"[18819, 18840]"
0x1ec8a54dd96190f57a94a745499c641be6cb80b9,[18828]
0x1eeb1a5744b6399a716b7042302325d4a55f302b,[10491]
0x1ef01ed46d72760a947b2e41ca8d876a89c10d2e,[19028]
0x1f374f5baca9d3b24a32f779a5cdd8dc0cff3890,[14448]
0x1f3da68fe87eaf43a829ab6d7ec5a6e009b204fb,"[16220, 16222, 16223, 16224]"
0x1fb92c657d6e6ad49ec7283c5a12ef16a4d2f675,[15577]
0x201a9ae495adcbd9b3f606e1427b99b8d6bc8f90,[13228]
0x207df2a58efc5cb9a173cb8d7b40c81abba33722,[1887]
0x21beb133c4a7bb1cc495cba1ee3c26b8c38f988a,[1389]
0x21f270726c8803850eabdb2e6463af681fef7bba,[16784]
0x22a4862d64025e6040ad14e04b0c8cbf086cc3d5,[18825]
0x22c95dd39205d8bcd29c2b8ebc2d8075661ab261,[12938]
0x230810c8de43ea2f400079349c2bd9fbabed9e06,[7437]
0x2322310c6f6341bc072cb48928326efe8d8f4360,[3355]
0x23594ff760ae790f9ccd099442dfca8a3fcb3bab,[21064]
0x2361b944e6e2d3554154f91873128f050ae4242a,[18232]
0x24648d6267c4c310380daaeb650b529740c76bdc,[18793]
0x2473236056a6fae808c6c31b7e9ee097e003a1fb,[2260]
0x24afb27174f1927c7c82013764fa178972eae523,"[8842, 8851, 8852, 8853]"
0x24beb0a2e7011fda7be247ff939b10682415bc1e,[2261]
0x25294b50ca73078af70602f79589b89f39afec05,[12735]
0x25a92c37c699e057cda354619faae6c9ac0d079e,"[13639, 13640, 13654, 13657, 13659, 13666, 13679]"
0x264d2257de9191734b03d98fc5eb93c79f9ee48e,[9148]
0x271707f3aac3da40a19937061a037702d41788bf,[1505]
0x279989eeebb466cfb036954559a27fd3b82a96ad,[15901]
0x27dcd75b9ddfdcd60f10e54af8830b62a186284a,[13372]
0x27f21e151f4fad75bbbe86a0dc07d55fb0374709,[21652]
0x27f60bddbb55e88f1c05c73f074f158acfaacc0b,"[20076, 20077]"
0x283e11203749b1fa4f32febb71e49d135919382a,[18177]
0x291effc02f1245b5fc31ef8b0e8bbba23514ba9e,"[17423, 17425, 17426]"
0x29d55187a889618664f11886f4900290f1e83bea,"[12084, 12086, 12088, 12089, 12090]"
0x29f7114e0261ae413ecc30ae3849fdf929e45f35,[16969]
0x2b9357e3ff021c95b0f95b36e337c644a16f2441,"[3385, 3386, 3387, 3389, 3390, 3391, 3392, 3393, 3394, 3395, 3396]"
0x2bd1d89b6263cf428ea13cc76ab4e988d35ad0cc,"[11436, 11661]"
0x2bff28a82bc4166d535bc9b803f77c09d47fb370,[4394]
0x2c2192661e6f3f2f7d184e8dad88311bd609fa30,[723]
0x2c43a5344fbba4851b9225abe70b9bae50a50100,[11692]
0x2cc281f19ebffdcfb9716eabf03b10b0e634ee49,"[1247, 1248, 1251]"
0x2d7cfe6333d865e8a3695c7383e76c00b3b22d92,[21683]
0x2d7d3d3c80a87b4a307c574f4f0e47b4b4f5588a,[14520]
0x2d7e4956da07728b7be115169232b946371c6fcb,[19600]
0x2ea96c31c61f9fff275764f57bf9109096271513,"[21640, 21643, 21648, 21649, 21651, 21653, 21656, 21657, 21662, 21663, 21664, 21665, 21666, 21668, 21669, 21671, 21674, 21675, 21677]"
0x2f07d9372b48c97aedcb09ccec9bad68878ededd,[14440]
0x2f39c4b1096ea38eae1ce8bab2cc3bde34546a24,"[13282, 13283]"
0x2f5b308077cb355b28c715cf7342e3383447572a,"[4821, 4822]"
0x2fe55ecd0813821a209a944888206cc4dafcbe17,[12660]
0x300afbe08ee4619ec93524f9255ce59a013a5b63,"[5176, 5178, 5179, 5180, 5181, 5182, 5183, 5184]"
0x3071887d44fbb07b180f23510d267a667256ab9b,[13332]
0x311afbcfc242140064b25e6b2890afc8c06dfcb8,"[16753, 16756, 16757, 16758, 16761, 21712, 21718, 21720, 21726, 21730, 21735, 21750, 21755, 21773, 21781, 21794, 21797, 21800, 21807, 21810]"
0x311da6d80cc8994193168ba51b074649606cf6d2,"[7436, 12655]"
0x31a6d4992a9123e2177c3d5ef64d92e605310c6b,"[7355, 7357, 7359, 7360, 7361, 7362, 7364, 7365, 7366, 7368, 7369, 7370, 7386, 7387, 7388, 7389, 7394, 7395, 7397, 7398, 7399, 7400, 7401]"
0x31b09a794c078aedccc03066740cc9b8a07cacc3,[19856]
0x31ed036cd68502c18e5f9af22343b88bdd462f43,[2880]
0x3202bffe6131d8e1e3a012bf9f9cb553f585c110,[12858]
0x322d24979bcf753c3ec8d874b66e805317f0da70,[19158]
0x32aebd94b66d51c401f63080b09db10162487c82,"[7637, 7666]"
0x3317547a33ae0dfed95d6e67bc48fef71aff52b4,[7966]
0x3319650ca8f53e1f7597d761ab75b64453facf53,[2247]
0x332f60edc783e4db3e0a18f8dfeb368ae178ccd9,[16539]
0x349067d775f903ac03ee86b02ea5634a11b2af74,[1770]
0x34a4d343833839324e09e25a4cb775a699461e9d,"[7707, 7708, 7709, 7710, 7711, 7712, 7713, 7714, 7715, 7716, 7718, 7719, 7721]"
0x3556fb5f923726ab9d5211bbfc9bcbb26c7b70dd,[734]
0x36235a2f844f6505d02c5defdcba9cff33ffe087,"[11114, 11119, 11122, 11125, 11127, 11148, 11150, 11151, 11157]"
0x37027a23b133299935c6fe4f02f1fc20562e5fc8,"[12015, 12023, 12035, 12052, 12075]"
0x38153bad797c27dd07cb04b89326bbfde3f7f0c5,[2240]
0x38857ed3a8fc5951289e58e20fb56a00e88f0bbd,[19026]
0x38ae48722684cef26b32819b430cd29ee0b5e79f,[3256]
0x38d8c4703bc5bf24d493fcdc4e52b12ec71b655f,"[4632, 4634, 4635, 4637, 4638, 4639, 4640, 4641, 4643, 4644, 4651, 4652, 4656, 4657, 4658, 4666, 4667]"
0x3948a6e5ffcd14741bcfc846c5f15b0ca54a182f,[16752]
0x399e0ae23663f27181ebb4e66ec504b3aab25541,"[6, 7284, 12659, 15757]"
0x39efdad2e4198a1269489aea2095391235111dff,"[7446, 7448, 7449]"
0x3a08731d7dd1dde997ff618f7e227138107d42c8,[1904]
0x3ab956ede411c1c9c0a3999da8044b0a7b0f417e,[20081]
0x3b06bc7b205f1a827f6504244db7a8f5b0bf7dfa,[20189]
0x3bbf97aa290b65108bdbf00e4c31ead21823e780,[12008]
0x3be2a015a559873f444c28ea5d38ac9963fc5a06,[14168]
0x3cb81033d6983fa6fb8455d427f24311c6dd98f8,[1514]
0x3cdf35dfa3af24827c6b90a1457a65fcf30162f0,"[13670, 13672, 13673]"
0x3d58f2f8afa3a434d91702167b3ef05a138d8c56,"[9186, 9187, 9188, 9192, 9193, 9194]"
0x3dcdc1919bf8f73775dbe45ff03e96bc8f5ab629,"[8862, 8876]"
0x3dd29d3b833ee62d6ee0e871600da789bea96fec,[15773]
0x3df73bd4daf3f28e9d99d15dfa4f48a05fca3e13,[1997]
0x3dfad888c52496f358b9fd6d6075a8766b2557e1,[7577]
0x3e2975f93dd2033de45609f627fdaf75ff75b9d5,[128]
0x3e462e6bcf627b9e4ae55211a4bcda142d55b395,[16219]
0x3e4df58cbfbfbdb4207e0fa8cfaacaa3884033f7,[15696]
0x3ed6adc3c9c77d0e80b8d0d8d280efb8e6cf6dcf,[10616]
0x3ed7bf997b7a91e9e8ab9ee2f7ce983bd37d6392,[32]
0x3f7603a81908df662203a3a417597a9354974e0d,"[12658, 21851, 21852]"
0x3f8c2113d7935bab581fe0090eb31e39f5b60bea,"[627, 628, 631, 636]"
0x4044d728a40361433453e14f1a47d04b703c1177,[20185]
0x405d885959f82c32056b883058a556541f95ae9c,"[7350, 7351, 7352, 7353]"
0x412b01c1e79c8e93e3b2739cbd7b3d97a30d6b5b,"[8494, 8496]"
0x41374b389772d5aed41240a57f5ffb087c6bfa93,[23113]
0x4161d3aa9dc15ce8bc011d34b06904a273f1c37d,[13862]
0x4165fa8368c95b50a7ece227dca2f7490689f0b7,"[16605, 16608, 16613, 16614, 16748]"
0x4230e8921da47ec82bee4ab0f0552dd36a42d881,[19245]
0x42d66a5d4101dcf6c124b7adafe5eb74c2bad793,[20483]
0x4360187ba1204bf91e9f697f67283b38f962da3e,[1548]
0x43b238da9df5af4fa17039f7409cf0b62f5df373,[9110]
0x43e5a7db94ea128a3402c47e5e425f024199b8c1,[18657]
0x43fe0dec1dab7faa70fa8ddec3faa1cd0af12a8e,"[238, 2878, 2879]"
0x4418e5e85b46df9e9c1ab8f92b0ee14e219935b4,[4693]
0x44e2fdc679e6bee01e93ef4a3ab1bcce012abc7c,"[16226, 16227, 16230]"
0x44fa0b12fab515de7182dbfccc6aa85d897c4458,[7700]
0x452d545ea9fcf6564370ae418bce49404994bd3f,[21820]
0x4573cf12176b3bd90fcda44c390cfa34089ad695,"[2953, 2954, 2956, 2957, 2958, 2959, 2960, 2961, 2962]"
0x46499275b5c4d67dfa46b92d89aada3158ea392e,[16765]
0x46c0f98c2819c3dd090d40feb594de596528a2c7,[17419]
0x474edec6bf4410521cf2fcaa66ec0a16fdba6fbe,[2591]
0x47b2efa18736c6c211505aefd321bec3ac3e8779,[7460]
0x483487f08921ee301779e96a4710e299261721d5,"[3237, 3238, 3239]"
0x485a1a900e18ffd42773ef28af2d4b96c7596383,[19595]
0x4876e7a91dc647f2bdef596116866bf700c2850b,[10580]
0x48c3e4460308c7c3d07d30ceee1e7325eec75bc8,[15651]
0x48ca978d047439cb628e7de88d55547e70028ec4,[8996]
0x48d3a4f69ddbb31eed53ab1f930e39b6e5ddb8bb,"[2882, 2883, 2884, 2885, 2886]"
0x492af9a0b99fed66dce727bb96ad133db83cdaf6,[12535]
0x49738b8b9cbfb4fa1f7eb1e76e151226f26cf0b9,"[13378, 13383, 13384, 13385, 13387, 13390, 13391, 13392, 13393, 13394, 13395, 13396, 13397, 13399, 13400, 13402, 13406, 13408, 13414, 13416, 13417, 13418, 13422, 13423, 13426, 13427, 13428, 13429, 13431, 13432, 13433, 13434, 13435, 13436, 13445, 13446, 13448, 13449, 13451, 13460, 13461, 13462, 13464, 13465, 13466, 13467, 13468, 13469, 13470, 13472, 13476, 13477, 13479, 13480, 13481, 13482, 13483, 13494, 13507, 13508, 13510, 13511, 13512, 13513, 13515, 13516, 13518, 13519, 13520, 13585, 13587, 13590, 13591, 13593, 13595]"
0x497d0b8b9cbfb4fa1f7eb1e76e151226f26cf0b9,[13450]
0x49b670cfab8d2dd9ebfedc058d07d39097788945,[16229]
0x49de33fefa2213d543288f66d99f75050a209fc2,[18981]
0x4a086ee26695bf6f030cef4c33bcce29d4c66252,"[207, 209, 210, 215]"
0x4a2ab390904dfa066190f1e3f3fe6b799ad91ff1,[22220]
0x4a8bfb4f442f0909d748825f20c65444fc9feace,"[15048, 15049, 15055]"
0x4b80448db5b47a8a2b92f46d9c1590dba18534b0,"[16607, 16610, 16611, 16637, 16643, 16646, 16660, 16661, 16662, 16663, 16665, 16666, 16667, 16675, 16678, 16680, 16722, 16724, 16729, 16735, 16737, 16740, 16741, 16742]"
0x4b8c833e4e6d9ad4154754412d549639b564338c,[1229]
0x4c3b215a24fcd7dd34d4edf098a5d8609ffebd63,"[7735, 7736, 7737, 7738, 7739, 10386, 10388, 13241, 13246]"
0x4c5f4f9df7968b0db448526162114a04f3462bad,[12956]
0x4cbedf6652f951569d67bd2ed840a245674e04ed,"[1987, 1988, 1989, 1990, 1991]"
0x4cd7d00dd56b41f814c00286f4e1551fdd0d1a73,[13618]
0x4d579370dc7e4b36371012130088637091445059,"[15932, 15934, 15935, 15936]"
0x4dc67be9027a7b46b5d09abbfa6f7f38d391a1c9,[22900]
0x4e27966db5bc0d9ff5fb5c25d48960f98b784c34,"[10206, 10224, 10225, 10246]"
0x4e29168906ad72aa4d61a19d6afc8fbafc08b48f,"[15776, 15777, 15779, 15782]"
0x4e774f9e4e457be95ab5439cf72e05cd061462f7,[375]
0x4eaaf5e2b753e812fd86ded3534cce9963e4346c,"[9105, 9106, 9108, 9109, 9111, 9112, 9130]"
0x4f59fda1622913a7d9445dea6dae3064522892cc,"[7443, 7444]"
0x4f7efb2dd68693d200ce6d561fff5612f02dc7ff,"[8713, 8720, 8789, 8796, 8825]"
0x501d66e0b4254de6187443b9cdb744e2752f489e,[742]
0x50f813658e4064c46652fbd76b3fc0c17d61cec5,[14099]
0x51064197a20a4b1b8ba92b747f4b56d6759fcfce,"[8670, 8671, 8672, 8673, 8675, 8676, 8677, 8678]"
0x5115b48202ac64b338cfb7a991ec394a7508c54b,[18217]
0x51b553a31cf3027f9f5a212027ac1717b21782b6,[14214]
0x5209e23676a75ee7393eb602d15b30fe1f4a947c,"[9212, 23184, 24633]"
0x5250265a80f95a161f5ed0f93f119bcc17d23149,[620]
0x5274d60b233bb504071d13fd7df080784be176e0,[7684]
0x528d3cf64e11786a7cca7a540af59fd2d51b08f6,[181]
0x5291ddf46d13608d8092b194b869a20bd52ba476,[6536]
0x52bb61f376de2630f79d69a6ba23005708112d8e,[19334]
0x531295bf1e4de3b8c03f0c3a2f969250be80f47a,[13236]
0x5318b851d96637823aef87df2c59ab6de37f599d,"[1432, 1433]"
0x53763f6e5a917025b7d1060e11ebd251ae381fc2,[17949]
0x53962a9aa9879a526f5a16f4b6f8d72d2f9da87d,[1826]
0x53b2821e3726b42f04c522e9a65c8fddf88ecddc,"[13276, 13277]"
0x53c63bf0f8965c0d161e9077adb797e57200a708,"[16960, 16967]"
0x53dda0a69992b87e51f0f14b1337281f09a2c8da,"[3010, 3011, 3012, 3013, 3014]"
0x53f2be3b33342a85c345d1a5e59edbe2fbd2eba1,"[1344, 1356]"
0x54c375c481f95ba43e2cecd6ef30631f55518f57,[13871]
0x552230ac24d1fc1213b9f705903e306f22a57fc0,"[2183, 2184, 2185, 2186, 2188, 2189, 2190, 2191, 2192, 2193, 2194, 2195, 2196, 2197, 2198, 2199, 2200, 2201, 2202, 2203, 2204, 2898, 3093, 3094, 3171, 3172, 3289, 3290, 3855, 3856, 7743, 7744, 7745, 7747, 10345, 16623]"
0x55395ab1e65c8f749222b41f6d073a92f0463549,[1534]
0x5580bf3a253cec045f2130e6a53da337a3266968,[19860]
0x55bd3fcb236e32ae9e927bc8882a54f5827fe5ca,"[2595, 19137]"
0x55f0b673d1659fdc273bacc6552689f848a51d40,"[4391, 10937]"
0x56446712b219fcc34a5604f5e7af5d50d65b6647,"[1806, 1807, 1808]"
0x56d037d72acdbf7c43b5addb6e5c8327f9ac00cc,[6227]
0x56d389c4e07a48d429035532402301310b8143a0,[7926]
0x56f820bc0bb5326c74b804cebaa37c3ee7524f8e,[23103]
0x5815513c4d8d01a2009a3b10e849eec6ef9e9038,[5905]
0x581b3d2cdcd3911d9bbf503550c3f6c1f3c997b1,[19156]
0x5831999ea7fcbe48a10903a4ccbcc9b898815621,"[6527, 6528, 6531, 6532, 6534]"
0x5855a79ce4ba9c816400dffe07e892537d28c01f,[470]
0x58912a65266f0ac0c72e0809e93da46967a20228,[1512]
0x58f680d209c31034efe0cbe2a1b2e941078fba55,[5650]
0x5ae630ace4a7b5c264c40455277543478401057b,[16566]
0x5b85425528d4980f76e4e4ff182b7f68706ad3ff,"[14247, 17715, 17733, 17749]"
0x5b97680e165b4dbf5c45f4ff4241e85f418c66c2,"[3269, 3270, 3271, 3274, 15866, 16730]"
0x5c64798f8b7d046cd40c2a8e75b7334734e718df,[7384]
0x5ce259aedcd14038ad2c35ecaa7b6b2974d339ac,[520]
0x5d787c33a3c7293e563d0586d06e84e83ea69e05,[143]
0x5da487ea7278e25288fd4f0f9243e3fa61bc7443,"[12152, 12154, 12157, 12158]"
0x5dcf88c77d449b3da545e1c3f31403cfcdbe1c10,"[15640, 15694, 15695, 15831, 15832]"
0x5e2ee11daca4217844698907a47252cf9a581dcd,"[6335, 6337, 6343, 6360, 6367, 6368, 6369]"
0x5e99e923f3d29caf41c20314116c86f89135adee,[2889]
0x5ef9da28e5675e77f2fe1700a8358699f4a56b08,"[4308, 4310]"
0x5f8e78a6068fa7fe5e8330a3bdf59dfe8759068e,[19854]
0x606b9b8c1cbcfa7117c7dc35cc7b054ce616492c,[732]
0x60987e0d8b5e0095869ca6f0e642828e3f258bb5,"[4255, 4265, 4336, 4339, 4340, 4342, 4345, 4346, 4347, 4348, 4352, 4354, 4357, 4358, 4359, 4360, 4367, 4370, 4374]"
0x60e9762d7d29f17c017ac45cc03ee0eb996ffdd8,[130]
0x6103e4b7ffec2a21095bdfe62b2ce0426dca0c84,"[9023, 9025]"
0x611f0b236cfa7dd76a84268b372896e4b3046b63,[9162]
0x61aff09d479f6b6c418d6a711c4fe1e0283580df,[12980]
0x61d21716c9af33d522a98ec82befe3588f6a76ff,[28]
0x621351604e300f3f4990aafcc17d0bb23f98ff6e,"[9213, 9226, 9228]"
0x62294468e919d61d059f5985e94d57eed131e148,"[18971, 18972, 18974]"
0x62df0807f58b10068f160116df680fb7b0bed884,[11197]
0x62dfeb55fcbdcb921446168eecfd1406379a1ee1,[12039]
0x63101058556d9674b1bd55d408a3dc4113bc65ac,[3015]
0x64a8b79b964b181981834ee0b3b877bb4e80ffdb,"[22947, 22976, 22981]"
0x650e1aeff13d161e87531ab5c979139f5dc7d5df,[12493]
0x658ef498b52dec8684cf131e645fe1e926690b37,"[2727, 2728, 2729, 2730, 2731, 2732, 2733, 2734, 2735, 2737, 2738, 2740, 2741, 2742, 2743, 2744]"
0x663d3947f03ef5b387992b880ac85940057c13e3,[17751]
0x664a9d9836a7b2f0997e66abe170ec9c2581fc53,[1413]
0x66827bcd635f2bb1779d68c46aeb16541bca6ba8,"[673, 855]"
0x669f7c5d34375d75e2cc97d9519fbf243d1d5283,[239]
0x66d3ee9508944f8199394f892d0947794fe2ea63,"[9039, 9040, 9041, 9042, 9043, 9044, 9045, 9046, 9047, 9049, 9050, 9051, 9052, 9053, 9054, 9055, 9057, 9059, 9061, 9085]"
0x677355da02ea7243ac8152f8bfc2e8e79bb31f2d,[1519]
0x6793df2609e5064eea0134349bbecdeaf88411f4,"[13401, 13411]"
0x689bb5e27fda5149950fc2deed8a3d52c0adf25f,[8663]
0x68b0378f8632fc04ec3f02684184e4dc3f46250a,[2249]
0x68da83dfdeddf14beef7768aa25dde2713c71ea7,[11814]
0x693e14a397190d45db495c3f971ab215f76aed5a,"[392, 401, 438, 440]"
0x694e9e1cf3f0cf509227b2d2660fddd5968d4a77,[21619]
0x69ad95b08f3bdb60de1cf3f08d76c9a2819a76d3,"[1266, 1267, 1269, 1274, 1287, 1293, 1294, 1296, 1297, 1298, 1299, 1300, 1301, 1303, 1304, 1305, 1307, 1308, 1311, 1312, 1313, 1314, 1316, 1317, 1320]"
0x6ae9c3f4cbc29badcf670a058213669f0e651ea5,[195]
0x6b0a6e1977c1aae5f3e9191ce15a05c62c6b3fd9,[12122]
0x6b79f9fc634cf657b6bb33749ea4c5cda552f0a7,"[4826, 4830, 4831, 4832]"
0x6bbd8ae39dea4bbea7ec9e0fb73d9ed4cb9b899f,"[1871, 1872, 1873, 1877, 1878, 1879, 1880]"
0x6be105f5a81bf4760c47979888511ce0e6ee4cc8,"[1324, 1326, 1329, 1330, 1333, 1334, 1336, 1337, 1795, 1797, 2264, 2265, 3380, 3381, 3818, 3819, 3830, 6233, 6234, 6235, 6236, 7632, 7633, 11418, 11442, 11451, 20486, 20756]"
0x6c2b1ac5d0be2701c0897e025ae496909de419ef,"[10981, 10995, 10998, 11000]"
0x6c59f70559cee1ea7590c9317bb20a18c223d477,[12972]
0x6cd41857ca5f8cda66ea3bfcbcccdb7a819871a4,[19674]
0x6cdb4ccc490f05d585b5ac7576230f137422e559,[2244]
0x6d33a81e2f6042e32aa7f354b24752fea8be2443,[18795]
0x6d4c20805b0a286b4e4c2b2f15e71554f85f9cb6,"[7502, 7503, 11675]"
0x6d7879688cfe21cab00ec269c8b02b0601ee86aa,"[8552, 8627, 8629, 8630, 8631, 8632, 8633, 8635, 8636, 8638, 8640, 8641, 8642, 8643, 8644, 8646, 8648, 8649, 8651, 8652, 8654, 8655, 8657, 8658, 8659, 8660, 8661, 8680, 8681, 8682, 8683, 8684, 8687, 8691, 8693, 8694, 8695, 8696, 8697, 8698, 8700, 8701, 8702, 8703]"
0x6e2875d7ddbab6c9dcfc8d2f807ec1b35c7b6304,"[1590, 1591, 1592, 1593]"
0x6f28e088808c1ad346e6225d9df9e95ed57e10ef,"[3206, 3207]"
0x6fa88031b634a3595c6cd876d14c0982842937ca,[12955]
0x6fe0609e3b15ed7b07dc947f56f3816b6eead459,[19724]
0x703705aa9d4fde9f772bd89d49a6bfd6a9d95b3b,"[13226, 18911]"
0x703802c8018e836fb71645deafdefa20f1632622,[15637]
0x70564145fa8e8a15348ef0190e6b7c07a2120462,"[19604, 19605, 19665, 19722, 19729, 19734, 19735, 19736, 19738, 19740, 19741, 19742, 19743, 19744]"
0x711cd20bf6b436ced327a8c65a14491aa04c2ca1,"[9803, 9804, 9806, 9809, 9811, 9812, 9813, 9815, 9817, 9819, 9820, 9821, 9822, 9831, 9832, 9839, 9840, 9841, 9886, 9909, 9911, 9912, 9916, 9917, 9943, 9944, 9945, 9948, 9950, 9951, 9952, 9953, 9954, 9955, 9956, 9957, 9958, 10020, 10021, 10026, 10027, 10028, 10052, 10055, 10057, 10063, 10064, 10065, 10073, 10101, 10102, 10103, 10104, 10105, 10106, 10107, 10109, 10110, 10113, 10114, 10155, 10172, 10176, 10178, 10181, 10185, 10191, 10197, 10200, 10204, 10214, 10216, 10217, 10222, 10234, 10235, 10237, 10245, 10249, 10287, 10288, 10290, 10292, 10293, 10294, 10295, 10296, 10297, 10298, 10299, 10300, 10301, 10304, 10305, 10306, 10307, 10308, 10309, 10310, 10311, 10312, 10313, 10314, 10316, 10317, 10318, 10320, 10321, 10323, 10325, 10327, 10329, 10337, 10343, 10365, 10366, 10367, 10369, 10370, 10371, 10372, 10373, 10374, 10375, 10376, 10378, 10379, 10380, 10389, 10391, 10392, 10393, 10395, 10412, 10413, 10414, 10415, 10416, 10417, 10418, 10419, 10420, 10421, 10493, 10494, 10495, 10496, 10497, 10498, 10499, 10501, 10502, 10509, 10512, 10513, 10518, 10519, 10527, 10531, 10532, 10533, 10534, 10537, 10552, 10553, 10554, 10555, 10556, 10557, 10565, 10566, 10567, 10568, 10569, 10570, 10573, 10574, 10581, 10583, 10584, 10585, 10586, 10587, 10588, 10591, 10593, 10596, 10600, 10604, 10618, 10619, 10620, 10624, 10626, 10632, 10633, 10634, 10643, 10645, 10647, 10649, 10666, 10667, 10668, 10669, 10670, 10671, 10672, 10678, 10679, 10680, 10681, 10682, 10683, 10684, 10686, 10688, 10689, 10693, 10703, 10715, 10720, 10721, 10730, 10732, 10739, 10740, 10749, 10756, 10760, 10764, 10765, 10767, 10772, 10775, 10819, 10831, 10843, 10861, 10891, 10892, 10893, 10894, 10896, 10907, 10938, 10939, 10940, 10941, 10942, 10943, 10944, 10946, 10947, 10948, 10949, 10950, 10951, 10952, 10953, 10956, 10959, 10960, 10961, 10962, 11008, 11009, 11010, 11014, 11025, 11026, 11027, 11029, 11033, 11034, 11039, 11058, 11060, 11061, 11062, 11063, 11067, 11076, 11079, 11080, 11086, 11090, 11091, 11093, 11096, 11101, 11104, 11110, 11111, 11124, 11142, 11153, 11158, 11161, 11163, 11165, 11175, 11176, 11177, 11184, 11186, 11187, 11188, 11191, 11199, 11204, 11205, 11206, 11239, 11240, 11392, 11395, 11396, 11397, 11398, 11399, 11400, 11401, 11402, 11404, 11405, 11407, 11408, 11409, 11410, 11437, 11439, 11441, 11447, 11461, 11464, 11466, 11470, 11475, 11515, 11518, 11521, 11523, 11527, 11534, 11549, 11550, 11569, 11570, 11571, 11572, 11574, 11575, 11576, 11629, 11635, 11636, 11637, 11639, 11640, 11641, 11642, 11644, 11647, 11648, 11668, 11680, 11683, 11684, 11685, 11686, 11687, 11689, 11695, 11698, 11700, 11701, 11702, 11704, 11705, 11710, 11714, 11718, 11722, 11732, 11739, 11740, 11749, 11750, 11751, 11752, 11758, 11759, 11762, 11769]"
0x71912cbe10302b66f14f4d39f6329986798aaa6a,[7415]
0x71a11057992988609b1713a19bc01b69b9e9d54b,[13602]
0x71aef6e2aa95b8e4ac721495982923c6f536f37d,[13680]
0x71ea92992a66d8f82b31893ca46beeb169b8650b,"[12695, 12698]"
0x724f321c4efed5e3c7cca40168610c258c82d02f,[13580]
0x729fe54ef032549bbf0f15192ad6c935d99a645e,[3984]
0x72ba1965320ab5352fd6d68235cc3c5306a6ffa2,[18227]
0x72f22afe6ea512396a392ee5c6e4efba613373c8,"[15861, 21830]"
0x735063ad99269d8672f6b896290636d70970ee55,"[14225, 14373, 14374, 14378, 14385, 14407, 14430, 14433, 14436, 14437, 14836, 14840, 15255, 15256, 15257, 15261, 15262, 15266, 15385, 15394, 15405, 15413, 15550, 15558, 15834, 15864, 15874, 15908, 15931, 15940, 16275, 16278, 16589, 16590, 16591, 16592, 16596, 16827, 19895]"
0x7355eee6d9db62911292935fdb76ce1252d65136,"[13048, 13050, 13642]"
0x73f8581b2cf9cfc9500ec3ecc7789dd5af5943b2,"[12774, 12775, 12776, 12778, 12780, 12781, 12782, 12783, 12785, 12786, 12788, 12790, 12791, 12792, 12794, 12795, 12796, 12797, 12798, 12799, 12802, 12804, 12808, 12854, 12859, 12863, 12864, 12865, 12869, 12872, 12874, 12875, 12876, 12878, 12879, 12882, 12884, 12886, 12887, 12888, 12891, 12893, 12895, 12900, 12901, 12903, 12906, 12907, 12908, 12909, 12911, 12913, 12915, 12920, 12921, 12922, 12923, 12924, 12926, 12928, 12932, 12933, 12936, 12937]"
0x7471cc21f84b2eeb1ba3560ed6afc60a833b5dec,"[3360, 3361, 3363, 3364, 3365, 3366, 3368, 3369, 3370, 3372, 3373, 3374]"
0x74aa47c625a098f92a4bd46b88957f0a807bed9b,[153]
0x755e876a6d080912cddf1ad84feba0755937bef5,"[1385, 1386]"
0x755ef803d4eb8fef2e4dac998172313fda555adc,"[3020, 3021, 3023, 3025, 3026, 3027, 3028, 3029, 3032, 3033, 3035, 3039, 3040, 3042, 3043, 3044, 3045, 3046, 3047, 3048, 3049, 3050, 3053, 3054]"
0x75dc613419c532b52e52b4721fd54e5004547edc,[24718]
0x762c005c0758e0bfc2a79449dbef4900d26bc66a,[7967]
0x765f05d9337607c6cb4118356db3e6149969a45b,[15619]
0x76605f8aefc7823712a18ca704cd298463555170,[12312]
0x767a470b510f7017afd96d93cdd1e4908c813e26,[7665]
0x76803a3a11398e79fac41ad949ec61de2281b586,[22178]
0x774f45a32ca6a365b693dfd58d129c959fc159d9,"[11577, 11591, 11594, 11652, 11659, 11670]"
0x778b499d360bdb76332d5e5a44bf6efbfd30aff3,"[19291, 19292]"
0x77910fa0ca8288c2d81e00f47402183bde6a44fd,"[18783, 18784, 18785, 18786]"
0x77987248153c986921903a446b803a0ca6ee72d0,"[16625, 16628, 16629, 16632, 16636, 16640, 16725, 16731, 16736]"
0x77c7f8b9e8cba5038505dc71f11a701595dc3bb3,[17001]
0x782c93e1c530a283ef738a58b5671a8fc2d8153f,[15489]
0x78ad1247d268ede006c6d9857fcc5a35a9068f2a,[16206]
0x79e64963ec1926946a74e81ee04212e9da974215,"[21278, 21281]"
0x7a40f8d50c926417437a37fed26044e8c8384515,[3260]
0x7a62830d05a1b7d75c2c3b7714bfa3a9c3cf3e30,[1252]
0x7a74fb6bd364b9b5ef69605a3d28327da8087aa0,[17197]
0x7ab12aaf3705c436fc6ae29a3db6b58134ad60ae,[15693]
0x7b74e1cb77a59773bf6c62cef93a7224895b8f86,[22340]
0x7bb389db8484fc975778993befe2cc44b6e05f4a,"[7373, 7374, 7377, 7378, 7380]"
0x7c24325df911276189fccddc3977fdadb8e72d0d,[8779]
0x7dc7ef3113074f2c320172373bedc74a36c642e4,[385]
0x7e629d7826f9670e54bd93a047a24b9b1635d857,[15844]
0x80c9f3ca7ca99e0545a712c9db928124aa23ea70,[1404]
0x80d4f9602c07e0d9d7510b7696441c4ca5ded547,[7402]
0x81ba93b26bce8ca5d649b6607df15e6d45462d8f,[21285]
0x82069a502461c3f73705a9cd6d3ab4ef27166cce,[8776]
0x82ff26d95d00450f47d8f6432193eb1e39d64b92,[10149]
0x83169c46a3d53b94eb76893947616d6bae733bfd,"[9636, 9668, 9701, 9710, 9718, 9724, 9733, 9742, 9750, 9759, 9764, 9765, 9771, 9788, 9796, 9826, 9853]"
0x83ae8cab5f3ddf3a0292408297445f6654bf316a,[13156]
0x83b60ee65e1caa503ea58c2c7cdca9e051eef1a6,[20043]
0x844a9a0ce4558243ef51392804c00356d22b64dd,[6241]
0x84af69b785f244dc65b2d34dee19c76ec2d519ac,[7965]
0x86f5d7bd735a6cd9f9452c5cd39250d2656d5e89,[3126]
0x87616fa850c87a78f307878f32d808dad8f4d401,[14106]
0x88004441a0f79727d19a2697344244c901736e0a,[158]
0x8822158d0084c023888e81dbe6d1b0ce06f51dc5,"[3006, 3008]"
0x88659f75f489d35cf749ab713e59e82fd9aac483,"[2988, 2989, 2991, 2992, 2993, 2994]"
0x88ae61d3f3fd1f3c4978ac5ad5d08f09f3b1b22b,[3070]
0x8936dfca4e9ac2e9fc9e419afb0bec2858fcc62f,[18767]
0x89bd96e09ed1bc15ccc464e13e65cff8ed0a7f78,"[18002, 18004, 18005, 18008, 18010, 18011]"
0x8a6a128cbfd669df9431e48d455b0ab079d8480d,[155]
0x8b64673c9a482913a6e2c1298637532947cd96ee,"[8908, 8910, 8917]"
0x8d7aa1f6c429bcea4bef1dea2b908b2cd75f2e82,"[2635, 2636, 2637, 2638, 2639]"
0x8e1476661ba86b18df4c9dbf432d35478ee176ab,"[2911, 2912]"
0x8e6abb6cf1b9dddc465fce3b58d2b0b709dfa54c,"[7730, 7731]"
0x8ea9e4ec00198bf2c77d1fb00bf5b11e6f58cdd8,[14435]
0x8edf3acb240ba1c5dcbcf1ea2f1c69c7ef01d9e6,[3208]
0x8f5d005e1ac08c531793a2f6e3e4c2e8821fdcbf,"[16215, 16216, 16217, 16281, 16533, 16745, 16747, 16958, 16959, 16992, 17011, 17441, 17442, 17443, 17445, 17447, 17449, 17450, 17451, 17678, 17679, 17681, 17711, 17753, 17761, 17762, 17928, 17930, 17962, 17965, 17979, 17980, 17987, 17999, 18154, 18158, 18164, 18172, 18189, 18192, 18201, 18213, 18228, 18229, 18231, 18246, 18250, 18878, 18879, 18880, 19047, 19052, 19053, 19056, 19337, 19339, 19340, 19582, 19583, 19585, 19586, 19588, 19589, 19590, 19591, 19757, 19833, 19855, 19925, 19933, 19936]"
0x8f81082ea6a48be0825c3300df08d8fac19a6e3b,[1375]
0x903628bf8e703766277279ca8eb7bfb5e32107a5,"[12764, 12771, 12806, 12809, 12855, 12860, 12866, 12870]"
0x9083c0bc0992d7800241503ca78a2d4f59251e12,[13439]
0x909c82d186bc507adba7f198e83e5cc7710828d5,[2803]
0x90cb248f621323fb5944cdce4ead7e3976dad71f,[2046]
0x9180aab46162a34d25c7e79a37d8656e555dd3d2,[23172]
0x91dccaa260cc4616e1a6e6b693db7207c5e42937,[18790]
0x91fd7e6400c700123b2cae9793fa387651641be6,[464]
0x92297f5f98c3bd32f7f875b1b0b7c7b72515319a,[12412]
0x92a0b2c089733bef43ac367d2ce7783526aea590,[9618]
0x92e5a4b202f57b3634d6352fbabba9cf2908a14a,[129]
0x93130932d50effc51ea2a5bd7162c424094decdb,[19244]
0x935124e5b1f87501514127ceca0c0ed855c11661,[8587]
0x938d2af34b98e87789e97402eaaddb3479c323f8,[23040]
0x93e45360f7e5b0b85d8e65dae9fa1a6f2af56819,[5253]
0x93ecdff061e02b8f76c3ec948ffef87cee380871,"[20047, 20049]"
0x93f0ba8e3ebb162d5ce69b3dfd1e420e8c7cf38b,[13036]
0x948308357415e1d92c870a3f5e841894d8c39aee,[7372]
0x94f3cdfc19763b3ad3b31925643174423c773a5f,[11757]
0x951ef1d713814d306037f4306134c7d400446a30,[18439]
0x95224178293c24219c287d7bfc6ad148c99dcfde,"[87, 101, 106, 109, 110, 115, 120]"
0x9574aaa9652ddf86e2b0e130d280919d0f306a02,[24863]
0x959e6c25ce433b1dc206dc2664f17352db8213b1,"[11012, 11013, 13669, 13822]"
0x95aed4dc9acc614415d3bc56711998b8041878eb,[23109]
0x95b090d374c9e7c323990497157ed8f78ca9787c,[1021]
0x95e79d8651a382c611156eb2d268fbebd0e842d0,[260]
0x96214fde70695b7115201567f4bb2fb2481082e1,"[403, 441, 444]"
0x965bbca5a9c3c82f5fcb02d2a70a793c6eb9fd0e,[8775]
0x967f6887ee89b2739cb3ef4cbcfff19a3c54d755,"[17193, 17194]"
0x9712fa9c2b1c486a5b6436a68897edb0c3f1c55e,[20485]
0x9759ccbd78581cad06be189b59cabfd8107f81db,[7679]
0x9851b0aadd929978864c802a62189dd9e0456e4c,[18908]
0x9859dd8f057334ae0c6c0f2c03af39803cb36d56,[14441]
0x98e629f4d0f17f13ad7defa22e2b5c622abbc3e6,[16673]
0x9a6c353abd6236ceec791092035b36e5fe6ead63,[21694]
0x9b2062d0b3841e9ab9f8f222cf1b7e8edff94024,[8997]
0x9bd920252e388579770b2cca855f81ababd22a84,[3067]
0x9c12cc23d3af02420b82aa566d18844735770df5,[24070]
0x9c1bae8f971a1188c927c15575211db1ac2a303f,"[13355, 13365]"
0x9da779a6570046f8e752e31a1cf6f9d46cfea904,"[18821, 18822, 18823, 18824, 18833, 18835, 18836, 18927]"
0x9e3b4696abc831dad650ea9b959c6b615f72d226,[22891]
0x9e8e124a8099f08477ca8325255fd357d790ce2d,[19043]
0x9eb6d15ebe8ed637344e7586986122087504a017,[19079]
0x9f16bbe53cd85e44d5e83caf7421316f7e81c8cf,[22658]
0x9fc92e0fae87025c3f0c11e29dee6c8656f1d1fd,[13454]
0x9fd0ffe9847cc0d16e4a5f16735f3fb4f806c208,"[15780, 15784, 15785, 15786, 15787, 15788, 15789, 15790, 15791, 15792, 15796, 15797, 15798, 15799, 15800, 15801, 15802, 15804, 15805, 15806, 15807, 15808, 15809, 15810, 15811, 15812, 15813, 15814, 15816, 15817, 15818, 15819, 15820, 15821, 15822, 15823, 15824, 15827, 15828, 15829]"
0xa001d0100ef12beca980be2c78c245b81cf5b053,"[1538, 1540]"
0xa08250f08943671f6a2f92efd1133c20f858f409,"[2527, 2530, 2535, 2536, 2537, 12626, 12983, 13028, 13029, 13031, 13037, 13038, 13039, 13077, 13078, 13079, 13092, 13095, 14218, 14219, 14220, 14221, 14222, 14224, 14238, 14241, 14242]"
0xa13a679e836305b78f8fb3fe12308c7b90c25b16,[22124]
0xa333e7a5a85f5022bc58c2f299765134b927c163,"[7931, 7932, 7933, 13199, 13201, 13202, 19293, 19294, 19296, 19297]"
0xa3a7032e9c986fddf4cf83a9b27829aafed487d5,[8623]
0xa3f1c691efd996aedca8f3fe68bd8352b24dd1e7,[13806]
0xa53a6fe2d8ad977ad926c485343ba39f32d3a3f6,[134]
0xa5cf270ad6ff323acd6d7e39a8ecd59174725767,[13380]
0xa5d0084a766203b463b3164dfc49d91509c12dab,"[13140, 13141, 13147]"
0xa5e268e569091791119a5bbcebdc2e1f6d91f9b4,[14442]
0xa5fa50ea31a25926de006d7f266f62093f765415,[10787]
0xa721da3d06813e764e94a23e377cc3e1729fcfd5,"[391, 393, 395]"
0xa7d03101a0024a6ce3d094076535b15c0915e23d,[1804]
0xa7d4e98fddef381f1dd80e39ad4ba0916ce362bd,[7416]
0xa820902d82badb084f02d38b036c19444b953591,"[19067, 19074]"
0xa9911182421b6bad13d188914d602f7924de840e,"[1813, 1815, 1816, 1817, 1818, 1819, 1820, 1821]"
0xa9c7fb5e29e60781ad7a770181bd59e0023d07a9,[9136]
0xa9f6c2ad4ba760a8838f90298b70d328727a5fcc,[14812]
0xaa0bc42348c2968f3675fa3a016f8ee87b803d1a,[2887]
0xaab093c8297fb27473cfa5e653d9b8a0ffa2161c,[443]
0xaaccabd79caa9f97b24d3473cee84adbd39c9979,"[19020, 19025, 19027]"
0xab2e11c99d8830d5d9b2494a565c974595e39eef,[2749]
0xab725fde81c4f328466e9b7873ef85ba85aee2f2,[22866]
0xab756cd4f67a74d71ce9a0feeb0f1ebafbad016e,"[1222, 1223, 1585, 1587, 1588, 14474, 14508, 14512, 14513, 14516, 14517]"
0xabb53ba4e5b7207ed9cba559d0046091bec560fc,[11002]
0xabbba1b0ed6576deddeb63fdc770a76c1e144769,"[19530, 19539, 19540, 19544, 19545, 19546, 19548, 19549]"
0xac843d2a0d41c20e6b4bfe44744ac098745decf7,[1914]
0xac9ba72fb61aa7c31a95df0a8b6eba6f41ef875e,[145]
0xacf4c2950107ef9b1c37faa1f9a866c8f0da88b9,[142]
0xad131fb792e886acf7838e643bdf99b2daf9a0d1,[16557]
0xad62d4fdd2d071536dbcb72202f1ef51b17ece30,"[34, 2811, 2812, 2825, 7725]"
0xae95730828b6b9016ee9d47dce553029439cec84,[16010]
0xaf359c3ab5b4bdcd2a148611024cb9fad0f62165,[1518]
0xafc09573ba2a611fbe7a1be6fd1dac171fed6b84,[18170]
0xb0d4c0a9a5c1204d70b1ea7e40c61e85963cbab4,"[7872, 7874, 7875, 7896, 7897, 7898, 7899, 7900, 7924, 7927, 9767, 9800, 9810, 9814, 9818, 9823, 9836, 9837]"
0xb13c6fafcdcc1f3a8d47fadc799c04d6b4d735b8,[11651]
0xb1d17f5a7abb727a91ca6b85d648844789ffc98a,"[1582, 1583]"
0xb28e968ddda35e666dc1d75f3acfb98081a4da02,"[13584, 13821]"
0xb317700662b61a5510850a0572d5a2932eb110e0,[14519]
0xb4525ec8c221b89aec77449aa5707952593a6791,"[6192, 6193]"
0xb48d60ceb317dda7477211eecda72eb25230151e,[1390]
0xb496dc77fa081e3564d1ef7be5b6a24980d562a4,"[9033, 9035, 9036, 9037, 9048, 9062, 9063, 9064, 9066, 9067, 9068, 9070, 9072, 9073, 9075, 9076, 9077, 9078, 9080, 9081]"
0xb51805fb13b946a97e7040c6ce061f5e6b09a3b2,"[15397, 15399, 15427, 15482, 15484, 15492, 15502, 15506, 15516, 15518, 15520, 15521, 15522, 15523, 15524, 15525, 15526, 15528, 15529, 15533, 15534, 15537, 15551, 15552, 15553, 15554]"
0xb53963d0ba6cbcd0caf91b4e0f005d7d1830c4dd,[17420]
0xb63f60d27abd6491d0e4d402a0296d0466a1d2cf,[16209]
0xb6604229fdee28237a6163d6aff5b9f5640ad63b,"[20238, 20247]"
0xb663a75e592177ced08932acd8f1b3cda1579853,[12619]
0xb6e63f63f5509f3bb5e512ac01c6df6e99ede354,[18215]
0xb770d1bc64bcf7c86b47296e24c744c4ac52e768,"[4076, 4077, 4078, 4079, 4080, 4081, 4082, 4083, 4084]"
0xb795d789152231cc6b066c632f32d30e08b8a1b3,[1255]
0xb853ceb4d30ebfc30924db42d90111d51662bb8a,[9674]
0xb87faea1fa5254647d84cfa1ef59e18e10871561,[16973]
0xb997a40a02476e562154144af62c12f74ae5e97e,[19032]
0xb9ccea572a82d096f0100f46729aea77bd63c454,[18288]
0xba7b8e5af70c0f1afcbae0c8e371658050b9f877,[12668]
0xbaab9c854ac21ca41b91880740b938b99112561c,"[459, 460]"
0xbb84d966c09264ce9a2104a4a20bb378369986db,"[186, 188, 192, 193, 196, 198, 199, 201, 202, 211, 212, 213, 218, 219, 220, 221, 223, 224, 226, 227, 228, 230, 231, 232, 233, 235, 236, 237, 252, 253, 254, 255, 256, 257, 258, 259, 264, 265, 266, 269, 270, 271, 272, 273, 279, 280, 281, 283, 284, 285, 287, 288, 291, 293, 295, 296, 297, 298, 299, 300, 301, 303, 304, 305, 306, 308, 309, 311, 312, 314, 315, 316, 317, 318, 319, 320, 321, 322, 323, 324, 327, 329, 330, 331, 332, 333, 334, 335, 337, 339, 340, 341, 342, 344, 345, 346, 347, 349, 350, 352, 353, 354, 355, 358, 363, 364, 365, 366, 367, 406, 407, 408, 410, 411, 412, 413, 415, 416, 417, 418, 419, 420, 421, 424, 425, 426, 427, 428, 429, 431, 432, 433, 434, 436, 437, 445, 446, 447, 448, 449, 450, 451, 453, 454, 455, 489, 490, 491, 492, 493, 494, 495, 497, 498, 499, 500, 502, 503, 505, 506, 507, 509, 510, 513, 515, 518, 519, 621, 622, 626, 637, 638, 639, 642, 644, 706, 745, 747, 748, 749, 750, 751, 753, 754, 755, 756, 757, 758, 761, 762, 763, 764, 765, 766, 767, 768, 769, 771, 772, 773, 774, 775, 776, 778, 779, 782, 783, 784, 787, 788, 789, 790, 791, 792, 794, 795, 797, 798, 799, 800, 801, 802, 803, 804, 805, 807, 808, 809, 810, 863, 865, 866, 867, 868, 869, 870, 871, 872, 873, 874, 875, 876, 877, 878, 879, 880, 881, 883, 884, 887, 889, 892, 894, 895, 897, 898, 899, 900, 901, 902, 903, 905, 906, 907, 908, 911, 912, 913, 914, 915, 916, 917, 919, 920, 921, 922, 923, 924, 926, 927, 928, 930, 932, 933, 934, 935, 936, 938, 939, 940, 941, 943, 944, 945, 946, 948, 949, 950, 951, 953, 954, 955, 956, 958, 959, 960, 961, 963, 1692, 1694, 1695, 1697, 1698, 1699, 1700, 1701, 1703, 1704, 1706, 1707, 1708, 1709, 1710, 1711, 1712, 1715, 1716, 1717, 1718, 1720, 1721, 1722, 1723, 1724, 1726, 1728, 1730, 1731, 1732, 1743, 1744, 1745, 1746, 1747, 1749, 1750, 1752, 1753, 1754, 1755, 2127, 2129, 2131, 2132, 2133, 2134, 2135, 2136, 2137, 2141, 2143, 2144, 2145, 2146, 2147, 2148, 2149, 2150, 2151, 2152, 2153, 2154, 2156, 2157, 2158, 2160, 2161, 2162, 2163, 2165, 2166, 2167, 2169, 2170, 2171, 2172, 2173, 2174, 2176]"
0xbbc9a3daa1e5a038b1f88f8df859681c6533d631,"[7418, 7419, 7420, 7421, 7422, 7423, 7424]"
0xbc641f6c6957096857358cc70df3623715a2ae45,[19024]
0xbca02edebb39e215d1896a11a5c9bfb0e6a22795,[17203]
0xbca04a3865e22d01f4466bbc2e8b74d61aa35eea,[12087]
0xbccd2d425b1c7e9da3ca5c39ad3459b37bed318b,[12881]
0xbcd600ded9e1c848ffaf6c92e63afd32f6277b24,"[5651, 12525, 14246]"
0xbd46134d6060a1386a66793f46d5069eb6be5e9b,"[20896, 20898]"
0xbd80d6108f8e626f94e6880b31faf76e34b58d7b,[1508]
0xbd9f96663e07a83ff18915c9074d9dc04d8e64c9,[12623]
0xbdea9c56a011b2165113f4fd2e6bb3120750fb80,"[3111, 3112, 3113, 3114]"
0xbdfe1fc1711425b285400ddf7c02068572e011fc,[137]
0xbe5bd61fd37444290913eff8f5dff8c4d0d7a093,"[126, 127, 1964, 1966, 1968]"
0xbedded1a557f966c0ca14190f38632ee2cc75e2a,[864]
0xbef9124b9a1593982bb126bd97c1b8996caebade,"[11803, 11826, 11829, 11830, 11831, 11832, 11833, 11834, 11835, 11836, 11837, 11838, 11839, 11840, 11843, 11844, 11846, 11848, 11851, 11852, 11853, 11854, 11855, 11861, 11862, 11863, 11867, 11868, 11869, 11873, 11884, 11886, 11887, 11890, 11892, 11893, 11894, 11895, 11896, 11897, 11898, 11900, 11902, 11903, 11904, 11906, 11907, 11908, 11909, 11910, 11911, 11912, 11918, 11919, 11920, 11924, 11926, 11928, 11930, 11931, 11932, 11933, 11934, 11935, 11939, 11941, 11942, 11943, 11944, 11946, 11951, 11952, 11954, 11957, 11958, 11959, 11961, 11965, 11973, 11974, 11975, 11976, 11977, 11978, 11980, 11989, 11992]"
0xbf886e3069d0dfd64e384c93da322f775faa8876,[157]
0xbff3eeda0090976e001dcd16eb78f53a555ff936,[13294]
0xc024559c710123b6caf5d225b56913aab339aad0,"[4459, 4460, 4461, 4464]"
0xc0c5ae6cd78dc93be33ac09ef954d207c4d1441b,"[13047, 13151]"
0xc0f6bd9f0be7e08b51f65b82fc95a19df826f0fe,[1475]
0xc11ad09e069ff6cd74d1f016207b89fabab7c16c,"[13227, 13234]"
0xc1b6b5fe36cb2bddb54c737a37d5b138b7aed032,[133]
0xc1dea3e396288513896bfef77ef66b2eb1ad7626,[17932]
0xc3245bcc4426e4ec816b0a682bbc1903c80af75f,[18866]
0xc4374c15b5d3e0f43125cc944abf5d1411a4a0db,"[4904, 4905, 4912, 4932]"
0xc44e4c49ffa5db98ca52770dff3e371ecb01f2d9,[23616]
0xc456490ff2a77646040e9ecb6135e693c9b35d2b,[19344]
0xc4cecbf0d883fb1976d29c7b836b6cbda6ae7b10,[12918]
0xc5d4713b90dd6e5a94935a3abb8c8debbaa5b555,[15530]
0xc5f381eb0302661c064edac46fb9211e2fb1a2d6,"[1506, 1507, 1516, 1517]"
0xc6bdd088e20a1de59434fd2273598092fee34120,"[3214, 3215, 3216, 3264, 3265, 3267, 3268, 3281, 3306, 3308]"
0xc764f62e998ffe24a43d1a0aa1a26bb54782dea9,[7727]
0xc787de495af9fb4bf04595392bf4eeb7ba332866,"[1426, 1427]"
0xc7e6f45384d2bec731af64bc7b707810052591d4,[7414]
0xc85c430e9298a2ef3c9586ec8b9105c8ea7e7eac,[3313]
0xc913b69519b009783b6b2779412e85f8e7678846,"[12662, 12663]"
0xc91a5bc46be45ab8db7a76d69a8d5c8c15cffff6,[9038]
0xc96e2ebb471c9b7f51576c75740a2594f1f40a2e,[20489]
0xc98660b07a289e2adcd300ea929495f395eb653c,"[7916, 7917, 7918, 7919]"
0xca128684f87a38876745c28b1bc12148d15c2f93,"[16988, 17008]"
0xca8198db04ef094540bd51ecb18462db685ad72e,[1359]
0xcaff17d5c7c349be300e93cbaf56bc868ef75982,[2801]
0xcb2300cf697e425a4962f995b8ba41062cf4ca3b,"[1339, 1342, 1343, 1346, 1347, 1348, 1349, 1351, 1352]"
0xcb2e2ed186cff09f53bab4ecd34cace84a75ae82,[8133]
0xcc3ed7168947c788caaaece264125429370a8d2d,"[3209, 3211, 3212, 3213]"
0xcc85bd0c51b595c7f01d4fcfef42ea25fb714af5,"[11237, 11389]"
0xcca5bf7837c92e95f3f68c6e45239fb022a67197,[1213]
0xcca69e14580587e26483feb10422505b7a08b1ea,[10036]
0xcccce93296b89ca604334d1258c042bd2e17262c,[22781]
0xcce6a30857e51a87a1c5922396853426f4faeab2,"[8594, 8597]"
0xcd1a88750bbeded2d842fe1ac1908e905ddc1a03,[20490]
0xcf050ea6628097bd5ad5df54a7b1e433f4b6b604,[13858]
0xcf4f36acb68eeb5a1038213d49af54b490483a8c,"[4836, 4838]"
0xd09f6e5d1675a7caf78fad4d67dda606b4748a67,[1001]
0xd0eadf30eeafa5002905c9eb284d34bb7b523c59,[1258]
0xd1083edabcb27ef57adfb692d8362cad826ac65f,"[7339, 16515]"
0xd119bf63a4fe0fb76bb1a6037859e6fde5f94e8d,[18190]
0xd1289bbb6f1633bb56963bf9d51923cf9ea965e8,[9177]
0xd130fcbdeff2cffb5cb53c52c0ede8a66525d738,[10490]
0xd1a0e05b953e7216ab76a009d8402e32027276ec,[8998]
0xd1bb61a4e25fd28d9c1aec6788f2944464175a2b,[22945]
0xd1ccca84d35d1a30676ad544659f023d922408b9,[12763]
0xd2577925944f1bfb32fe2b4cea9d2ad899b03418,[19071]
0xd2765265aa0ab73e31c6cf052d6b2139c34306d7,[4633]
0xd2765265aa0ab73e31c6cf052d6b21d1c34306d7,[7763]
0xd32289734c4fe38e61a8760ec0297a475d7e4a6a,[2009]
0xd334741d0766b257b18f2d058e844e17e346a0c1,"[13388, 13478, 13484, 13485, 13486, 13487, 13521, 13525, 13526, 13527, 13536]"
0xd3cbbb7d3268fcdf109ab3611b632b67dc0e4732,[7694]
0xd43f3716cbb9386352880a9bd52f7f07ac01752b,[1228]
0xd4b62d9cfee316d90e5a161950e595d2e445c43e,[22094]
0xd4f78880f5edb43d0f938a449170029e0581580a,"[7866, 15702]"
0xd52d1b67959e2c112e493968d294dcecfa5a89dc,[11170]
0xd53072cff0ac29dae323bd91c1bc0742e696f7e7,[16061]
0xd55e7421a4559ccbe6ea86d7579e0a42fd129433,[22624]
0xd623fc449693c20e2d88986e555ec885bd4a069f,[13913]
0xd6fe149127e4418df597ae79578dc87686810374,"[9113, 9114, 9116, 9118, 9119, 9120, 9121, 9122, 9123, 9124, 9125, 9129]"
0xd70156e53930b2e68d289570e9de9323c44519b9,"[18219, 18221, 18222, 18223, 18224, 18225]"
0xd808479aa4c53792ea6f7bd0ad42812dad7f5ea1,[11696]
0xd8759be1bdf069831883ba597e296cf908b2df84,[14847]
0xd8ca2134cdb494aafa79e75a9ac2d8e1f3a133c2,[7430]
0xd8cc18f7cd20c5fd21956cd4c154499b8fb923fc,"[22916, 22917, 22919]"
0xd8db740a41e166d656ed0aa7d633f700611229dd,"[15578, 15579]"
0xd8e2bbde101db7fe143d168f6facb21df8601ecc,[7634]
0xd8fea60e5b82bf397aee29cfc5f2f11db8f76633,[9101]
0xd9a8eee36b2b494777fb97c9ac39e743d068c317,"[20029, 20038]"
0xd9fddede2cf6c7566dfbe021c3dfce70213efb50,"[18979, 18983]"
0xda650bc48c8c0163f9f2a35c3697cb3857e3ecfd,[13424]
0xdae9285aa4546abdfe49c6ca21dc49b9961f5be8,[16475]
0xdb07bad307339e0584d351adba3e3ae6235b1982,[2532]
0xdbaed23b5066c243eb180d2aeb90a58aa6b7cfc4,[12969]
0xdbfafea601714904dc84edc1469db4e9392d87d4,[13186]
0xdc84a7b8f369e866f4931729f1ddf06c9598c3da,"[14580, 14583, 14585]"
0xdd51463c7e0c8ceff4996be0427144a3b4530b7f,"[21659, 21660]"
0xddfd7a1d42e992d81b67fe5b17b22deb34287d7b,[18854]
0xde4376a76a071d1dd4a3669094e17ff28c17ee5e,"[11823, 11824, 11842, 11859, 11871, 11876, 11878, 11879, 11880, 11881, 11882, 11891, 11917, 11921, 11929, 11936, 11937, 11947, 11948, 11950, 11962, 11963, 11970, 11971, 11972, 11990, 11994, 11995, 12001, 12002, 12007, 12020, 12022]"
0xdee942d5caf5fac11421d86b010b458e5c392990,"[103, 7641]"
0xdf08c8d0513188248d181354abec6288d8b8208d,"[7655, 7657, 7658, 7659, 7660, 7661, 7662, 7663, 7664]"
0xdf25ab6a48e1736023477ac4459256c33a34e77b,[19155]
0xdf524fc9b23443de65f5f0695b8c1f86d13e9515,[15903]
0xdfa8ee9ff8798b37800f3ab18807273d7caaf1b6,"[4851, 4852, 4854, 4856, 4857, 4858, 4859, 4863, 4864]"
0xe02b5d6b911523e23a0884cf3004ed5e0f4198bd,[20232]
0xe04bba36599f0ff5a46645268cc9c3b62067a199,[10286]
0xe0a217b6a0c9fa01b8f01f1aa7cc88f590126b68,[1388]
0xe1442b35d4c336ab8c3f1d7b03a74288608abe5a,"[12230, 12231, 12232, 12233, 23126, 23129]"
0xe18c444e82ddac4046a55355d97241ec59c7184c,"[20, 22, 31, 37, 38, 39, 53, 54, 56, 57, 58, 59, 60]"
0xe20f18654fb1de35c408ee1bfecb1168ff9f91e3,[10920]
0xe27121159f4e1c82c65274c00dc59ecb7fe96d23,"[3302, 3303, 3304]"
0xe2effffe7fb7015862cbb1958a30967e48030cff,[1256]
0xe34e2df841e5a6352b0ae8bd5a797544f11d7e89,[149]
0xe4c4756101274f6ac92a3c03a1f1e3aa3b1d46ca,"[368, 369]"
0xe54818ac8e0691567fc3a3d4e1e04ddeb7ed6e46,[9102]
0xe59ea4a34b0c4d763053204db5a81941b6cd144d,[5901]
0xe62e48cfed6f28c9f9b9ef23aad1eccf988153a8,"[22640, 22641, 22642, 22644, 22645, 22647]"
0xe651928882fe6f9fedec0fa17a3236acf9fece05,[9895]
0xe683c725f2c84c18fe4b2745f3c29fa91d6dbd8f,[19894]
0xe6a62324f174f8f9abc686b1677d7634f820f753,[8563]
0xe73a0a8b4dd482ee15ee321a7828766b603ccc07,[7392]
0xe75afa985de4f013accfc8b4dd744551c6eeb5a9,[7741]
0xe79057088a15ac8c9c8bec3b90bd9891a1b3af51,"[11764, 11802, 11805, 21628, 21635]"
0xe7da19d08df73c9371080a14b8e6fdca9243e16e,"[18234, 18238, 18239, 18240, 18242]"
0xe7f0159b5d76c7cc27010364d49fe1dcb9fcdc1b,[18160]
0xe8aa4ca3be25ca176959d46c2859838fd2eb9bbe,"[4455, 4457]"
0xe8b508e3440d6399ca74bc1d8cebe880512ffb9e,[14505]
0xe8f7504d63290da703b30ccc38fe47b0e9dc6f55,"[6210, 6211, 6213, 6214, 6216, 6217, 6218, 6220, 6222, 6223, 6224]"
0xe9030bfc2793bfd6233781b321e1cff527795dc6,[12952]
0xea310c966d3ff5e09c65487f1763b21361eb71ef,[13620]
0xeae9ab617e2d9d794598c883bf79efb50a1abf42,[13623]
0xeb06be198c0bc5c2cb3e60db03932fed261d611c,[383]
0xeb6cc89475a1dc56138f604bde453e8b92dab4bf,[131]
0xec4437e440df0858ad198d16c164bd0124f8aa90,"[3312, 3314]"
0xec49cfe453a7efe07fe1996fab9169bf9ed302dc,[8662]
0xec70a1465c8ed8eb7268c2e277ac6760dbd3144b,"[12329, 12636, 12637, 17417, 17421, 17427, 17428, 17430]"
0xed17f3affa8a6e4fb9e1e6c776bc13eb504744c6,[19065]
0xed4110d844064cec060ac49a90df54f2d1b12bc1,[21879]
0xed4863b11f4bcf7d763892bcb0c48ecc874d0fe9,[19347]
0xee2662a6fb93e12a11e3030924734f7816b6a3b3,"[12536, 12582, 12586, 12587, 12606, 12607, 12609, 12624, 12631, 12633, 12635]"
0xee8fe52f5e765472b035578b538633de7e299d00,"[696, 712, 715, 716, 717, 718, 719, 720, 722, 724, 725, 727, 730, 731, 733, 736, 737]"
0xeeb9c37797dbc50350bd2844d452dd83b74a72db,"[374, 21703, 21704, 21706, 21723, 21739, 21762, 21818]"
0xeeda79dc5cf9ed0a34393619d899e4a5c81f2f4c,[22218]
0xefa21088f3830cd7d9f526ea268f7aaba34f785f,"[1002, 1004, 1005, 1007, 1008, 1009, 1010, 1011, 1012, 1013, 1015, 1016, 1017]"
0xefb5c5504bffe9704b64fd1ad0b83e7a4ac9a310,"[4841, 4842, 4843]"
0xf08885b249bff8672214ee5d5fcfa1f5b970a0d0,"[19082, 19083]"
0xf0a2f51c7fbe3cdf2b041fd9fd482f9a92daa1ae,"[22726, 22729, 22750]"
0xf0b48f2abb36ec02eaeb0c5be14068de6a3cb9f7,[8468]
0xf107a9b3a91d0fe0e063e37e4dd3f6fd2dc3bdc6,[7346]
0xf10914d15e53dfb8320e1cc4955cde44b76548d0,[19160]
0xf125766e1f75f0214f9d369205e241e13bd676c2,[19805]
0xf12ac3677e2a90fe8b4eb48df1845d7ebd4c4e20,[18252]
0xf1385841259d6b05d00c6ae8eb2ba4e9eb377b04,[7691]
0xf25aecdc96bc584dbbe085deb8b59e3a1c2cce4d,[18829]
0xf27c9d5193295bf0df33ca44ff3792597e654f27,[3862]
0xf2cd4f73becca0040320ac579d8ac39d996c74f3,"[66, 7690]"
0xf305f90b19cf66fc2d038f92a26440b66cf858f6,[102]
0xf398ac61610105b9bbe4a14b013c9043d825d837,[511]
0xf444c69cdd908d62cac78f909788810f63f08d0f,[18663]
0xf479ec9f0f885cb17e2a22cba8469c95b95969aa,"[21062, 21067, 21068]"
0xf4b37b29ca6a8ec31b89974da64e02c8e47a7e3b,"[24723, 24764, 24768, 24771]"
0xf6b6f07862a02c85628b3a9688beae07fea9c863,[4245]
0xf7098d1fde0cdf43abbcc4f01e16aa11ab69029b,"[7922, 7923]"
0xf7b549c0a1430596f87d4df789bc06ce6bfbc7ea,"[7431, 7433]"
0xf7c3c4be59f78d99fcc92f8f9fd73312660c7c2d,"[13197, 18001]"
0xf7c751457363e84f5fda68e527b318468f334cec,"[8622, 8625]"
0xf8d1ceb027c07f1ee9abe6b6e50659c29cc3cf56,"[12942, 12943, 12945, 12946, 12947, 12948, 12949]"
0xf8e8b9f05ef642002ee8a4803b0e302d1be04d1a,[21829]
0xf9332e5360370d21323afae65a20a8e7aedc0176,[7630]
0xf9ef86f70730e742d7358daa4d8d1d8b6486af67,"[2071, 2073, 2074, 2075, 2076, 2077, 2078, 2079, 2081, 2082, 2084, 2085, 2088, 2090, 2093, 2095, 2096, 2097, 2099, 2100, 2104, 2105, 2106, 2107, 2108, 2110, 2111, 2112, 2113, 2114, 2119, 2120, 2123, 2125, 2138, 2140, 2155, 2168]"
0xfa6872a8d88f2b303a829b0dfb42273399c61b0a,"[18171, 18174, 18175, 18176, 18178, 18181]"
0xfa83c076cd4b5a9053bfd27898e3bfc45f06cd59,"[9693, 9722, 9728, 9734, 9747, 9801, 9807, 9829, 9830, 9835, 9847, 9850, 9854, 9856]"
0xfacfa43a74ab12820d677669525e130ee538460e,[21692]
0xfad61b6dc1897f67bc7867b8fb0caede00a8cd5f,[9479]
0xfb904394a2ad887046dac4791c20c1e9d3367aa1,[17398]
0xfb91aa671b616f0eee3889330e6eb82b424cdb79,[8911]
0xfbc99ee80a3cfeb4e4905f64b1370bdfeb04020b,"[21919, 21924]"
0xfcf7a2794d066110162addce3085dfd6221d4ddd,[15873]
0xfdd43923340736ffbcb31c808ac644922c1df05d,"[16567, 16568]"
0xfde21b87aa9fea53396c21a302d4412313cfc13c,[9563]
0xfe247664a66f71c4d014c0343bbe5002dfa9a104,[4597]
0xfe6b2924685dc14cd3ea4688539de5307c40312a,[8543]
0xfeff33456de40aa9ffc85b796cb731b91ea6eb04,[185]
0xff80562d2dc23e89194b868263de8e1987d34e72,"[23007, 23009, 23011, 23017, 23019, 23022, 23024, 23029, 23036, 23039]"
0xff8cc8cb070f70ff6955af6826869600abeb8504,"[13034, 13035]"
