0xf814c05dd308e04145f301dfb96ff9faca72e29a,3
0x370d28491012b433fa9282db52e585c6ae6ede16,4
0xafedf843fb4f07af87c68dd91190e7d3e24110f4,1
0xb152741ae1a83e0ce86d392de92593376b0fd63b,2
0x1f16b282e6a2e2f700897c0ba80609382e2ac88a,1
0x27ee2bf9947e145b9d6cb2a6d014537be12291f7,3
0xafa7ff986368a59e474518455f1b0b6f0ca2f7a1,4
0x5001243973d82e0136c49662e7af05c6be0aac2c,2
0x4536ae51d26a885d524b70615eac1fe5dffb1d3a,4
0x231f04fac730ef1daff9c0baeb26781ca3882026,1
0xcc89ec35fcecc62273603b6031f93ca692a54414,2
0x2e32935bfd5b2718f99bc8fdf8b37c16811f7d97,1
0x117c56c7d2064f39c15dc0df700f8c54b8c191d5,3
0xd7defa67ba53d804de3f29a106f3803f48c6863f,1
0x11c516d334457b11e78f67b38b7d69eff12cd52b,3
0xf8621ac60fde06da492f219bdaa7b2e113ad44df,4
0xd23775aa249a89dbfa1e251a701dd3969fa44fb0,3
0x13a0b979089d609f54c1598cbd57954f9eb11ffb,3
0x8e5e01dca1706f9df683c53a6fc9d4bb8d237153,3
0x782c93e1c530a283ef738a58b5671a8fc2d8153f,1
0x2f854fff050b52d4b6311723e441d5d24430b868,2
0x3eeb5bbe2a6aaa7e9d6a56306c0354d298191dc4,4
0x4d5d947981226778c9deeee8644c069c6cc4babc,4
0x5fc119ab880c1910237d55b3381021d185c7f34f,1
0xa098f988a944beac1f954c2edd6a9b439c1ce25b,4
0xcf8743ed063bb63022a7d166dd93b7c35d2cbb0a,4
0x4da0c11a1d855b658db55ac9a2a6d82c2794e839,2
0x1730cbb12f7bb8e52646cd6815022daa095baf10,2
0x46c8458081d1f7f66aaee45a2d8e39b0c5eb023c,1
0xa69c57623ccf7f9fbf7fb846d23afb1bdc0ae7eb,1
0xbb78645333c1c594965ddce981b22c026e1592b3,4
0xf690ed0baa0879ebc3fd094b95eef85a4237a30e,4
0x31e99699bccde902afc7c4b6b23bb322b8459d22,1
0x41f717457365828c52cbc75c1f7f211838d133ef,1
0x8bd5b5d9fe2c577a2932a6469374225ee889e3a2,3
0xed4c6f44ca06a95a2d3d8aee135ff11179e35b0b,4
0xfd63bf84471bc55dd9a83fdfa293ccbd27e1f4c8,4
0x469b2c510399dcfc6613c67cc9f4b0ccaa61dd42,2
0xe0b8c5e49d384ca396e8471feb57a7d72e9f80c4,4
0x364a5e1dca721304f079932baf879ffbf1d81feb,1
0xfd606de939ada8b8bccdfdaa46afd9d4f9bd6124,3
0x44624e49ce8abb1d4e89ed6bc65fa1ff87e27990,1
0x7e633df4db5027718d4b46bb2b8cdaa8f25e87db,4
0x964167209c71a0d45d89469c118213884c232054,3
0x1d4e1317d147aec6c28eee3d9abbf6a8b9f8e99c,4
0x9fb6ac0b048a52fa5737988df4bd73d392376e98,1
0x157acd302208b03f82a76874b249a4c49f89e70b,2
0x25951612e4a3669b1732b55915e55c73f3585aa5,4
0x5d490c4a0b5d12c317e24d5198becfa304f72929,2
0x47668bde7803c838e1fc603c5c9a218bfad9c156,3
0x460e1cc725101c95efecdca242ebcc91623d281a,2
0x959d02855c06c131d126e2477ca3f5a3db19caab,2
0x3a31d9d9120013a2f1f55ce45068ed9ce4795e9f,2
0x97c6809962f04bc97421b2f07fe971fc4bb8cebc,3
0xb3f5c7f3f25ecd0306780b903d60fa45945e284a,4
0xebe10828271ad0b09f581760b99aeaac1e8cbffd,2
0x6fd6de5ba9f70f00e2d916f722fa4b5e26278dc7,4
0x3d4b515f1e3bbb9cd76fa93dfc04abdd67c915ab,4
0xd411a5685702aa666fcc649f33ea4f8c33bcbc33,4
0xaf61b0f9756163709a129f60c2192876365d13d5,3
0xddf602dcd33626164b5904e6b9ec37fb04816a2d,3
0xfa2057493d02fa0cb7020214afc14c64fa3f8b29,1
0xdd92da1fd3f4be000dca5aa6dbb034110b6a64d2,2
0x969a053968b0a7ef3f3734f36f3045293516f44f,3
0x3dbd768f8099c37e2cb68a96ad6564f2b2d5a0db,3
0x170789528a4b2e035fb1d0b4867475aa8c7466c0,1
0xcaf3cff40afe8f65901de241a7835c1b98688566,3
0xf735fb5e1a898f8c266258109a36e1dbf82fc20a,2
0x664fe01207dc37c84a97a8dcdc28bcc1da6bee57,1
0x890b6f3a9de2fae9a0ec2398a63890b112cc5b97,3
0xf7f08751dafad4a8819c549c54a5471e403d1352,2
0x7d56867ae0fd8de19f8caa03e62fc8d95d0c065b,3
0x2f76bc2dbff9632c4b4063f8421bbbbacc0f0809,3
0xf46c3c1fe0f39d072cec647fe77ad379386e919d,4
0x5b58889678fe7641ba90e90e6a42dc6a0aab7335,3
0x2ace737c4e7ea9d27e2c9ff8f10c45b87855b20d,4
0xf8c5c6e6a418be68296c72e95902524924df056c,2
0xc10f61c32353558d7b5c3d74ef013bc245a9c29c,2
0x9115a0a114c25fde83551468593e76ba4821529d,1
0x4219392b9ede017120723094124066debcedcbf2,2
0x1133d9434b1890b826d81d13234984f8fed5de87,1
0x08813872a4e0c7c67d09e5d4e878c5bfd475c648,3
0x98f2ecb45b311bde728ddbe3d4488407181cc988,2
0x4b4c605a56dc288d03da3978fc9b22716e55770e,1
0x924819e5238545bedff0cac2c01326099d08cb5e,2
0xe39bc99b80a9efd0f14f82aea1406eee93d456f2,2
0x0e8bd79b5b19e326cef680d18262b43746de1f80,2
0xf4f87b3d06db80c7f28a2082dd9181cc48fd6ff0,4
0xb8f4cd0e46ae8071fa4973aecb858e7134e007bb,2
0xe6d30c47c19118d67f09cc395f9a50c8df3a4e46,4
0x316c07782581c2f956db3ab1d08215ad2f9c6dd1,3
0x921717352d4094e5f89d87273eb5213f23dbedab,2
0x117c56c7d2064f39c15dc0df700f8c54b8c191d5,2
0xc986e31f13584778d719320af10b53f57f8d524e,3
0xdb6ef4c5752e47a3dd6fe408008df3a820bed2ed,2
0x1d55c0b3750436954d66ca411796f6b40e0dc924,1
0xdd249381bcf95b8a7f448922b0f43c360a265fc7,1
0x5a135930c2353dedcbc332baf3241c125365fda7,4
0x80979a44894c7fa1f7f560778c0336246bb0cd1c,2
0xb27d058c8c64e0fc6dfaf4860d271d51b27a5f88,1
0x99eb4fb37d662ba4f94ad400cd71ac05483d9fc2,1
0xdecad59242d5e5aa2d41d7061a2086d02d56ddb9,4
0x5b99e41dc37553a8acd9ba10dd8ef3791464e8f5,3
0x900a7b05cb1e3fbcd699f8df9c9399ff9d1cbed2,1
0x848b36a53badaf78f663233790a9fb396fbe9acc,2
0xf7022cacffbde92a39b90e6efbf1d25b20191762,2
0xeb6cbe5329902d273b4ea1a43d84618f60ac3095,4
0x8efb87fccec90b884f962ab204677640fb0f9a45,2
0x60ec8b03ec2616a582818ed5fd8d409372eee180,1
0xd6087525b08c1679709844475725073fdfded5e3,3
0xc3f30b3469c29caa7953dab8e73168b194fff26f,3
0x4fec8de511f457ebbc803bc56aa16e01b819b919,3
0x6fd6de5ba9f70f00e2d916f722fa4b5e26278dc7,3
0x112af92409b81bd996cd3aa6d33d366e19230fea,1
0xc69efb4df333115b6adf93aef11a36c0d9305bde,1
0x3bbf8d701f5356ea9d75f7a3892972b27d99ad47,3
0xeb794215e8ab99e3475cc69f5fb2d983bca00fec,1
0xa8d4722b49d87bb6d136cc8dfbc85ced1c69a504,1
0xa77f750ad214ea6705c972de9da1ca30b47fb03a,2
0xaa95baa6271bb2de52e4c62c6273631cd0b5203f,1
0x332c81b89c860e68dfaea87b348c50b731e42efe,2
0xcc6c69684390dba0e3022e95d95ac526c26e71cc,4
0x41c38ca6059da5f89e978c3cffc81b7ab6f357e6,1
0x5700cc3edc59047d5ff0663afa17c63c57e2a61c,1
0xe2c10a555b2163bdbb6182919d312ac722c8b0cf,3
0x4c6615660c950dba762ed5503e5916e57aaea5ce,4
0x706ddbd813b12dafdd9de81cfc715a11a119741e,2
0xd411a5685702aa666fcc649f33ea4f8c33bcbc33,2
0x8575d83af23507c521024a8898066c1d72115b11,2
0x8575d83af23507c521024a8898066c1d72115b11,1
0x10f546a6f4d20d91e5a8506124384759c9f4bc79,1
0x201b5abfd44a8f9b75f0fe1bae74cdac7675e54b,3
0x3cc16e4e54779b28db19b062ca9a6487d0574ae6,3
0x4bd4806c28c305ea4a03e77becfa7f88dd242142,1
0xcad0026742127be48e44c621d89d6b1641fcdfdc,4
0xf3e6e119972d9fbc06d34919a5eece4ab5e47975,4
0xf6c1add2d4665f63907e3c4359edece40e6be9ae,2
0x0751633a5f55cbb26cc6abb6b39648b12ebe70c6,4
0x434eaa43751e17f1488c077d28c22e7959eea4ab,4
0x4fec8de511f457ebbc803bc56aa16e01b819b919,4
0x344a81c457ce524e348f017c2b65bd53b3542807,1
0xafedf843fb4f07af87c68dd91190e7d3e24110f4,4
0x83b20bea924fa09f3d1331ba38aeb752b02e20fe,2
0x498851c01dd747c4945dec3d23d1e47eb2c5edfc,3
0x2ad8bbd994da0862688d7b8830ef4e4121944142,3
0x4e04a5320ca2e6278c5192136e6992659dcf4607,4
0x8dbec17c2dbc2766cfb1acfbf0e50994b89d67ce,1
0xa9ee039208f214d8ffdd6a8b4e14f9a56fd77e0b,1
0x5c2cb5db7461a4773b3abacad11ca765196ac550,4
0xde59db2f37989a26f74082e34a8a0db5d4ce6f54,4
0x46290baf7f951774a74c027a5eff167cc1f67156,2
0xd21023d1d654b1c90b5313542f358571b7482a23,3
0x2a2197bbcf92bdf93e1fd8004b8e115ad1af775b,3
0x3978bbf0391e06f8c2700c5f80083cc7bcabe923,1
0x61a49f9a9d59196cf72a694a6e74b6600935160b,3
0xc0a8d7c093ecefd6f4aebe97172731c6a5d5fff6,1
0x848f11e9c468be9ef6bf5f1daa742e6adf25d7a7,2
0x996c3fbd3edcfc3799949540d61cdfaeed1ce2fc,3
0x8e5e01dca1706f9df683c53a6fc9d4bb8d237153,1
0x04054e314dc997aa673846f771788993bb5200f6,4
0x995a8c6828c91365b09d26c1c1530e15e5665248,2
0x0a04362fbdc46b8af04e26246fa07cc636a7790b,3
0xa127753313320ba499d4cfea9188b0253905a674,4
0x5b18895185025de0abd5ba342ccf2e9f3f7f7291,4
0x51ad94538605f8e5ca232cdb7adee26046f9e457,1
0x4ae4974f9e680415fb12d295fd326d47e8ac1fec,2
0xb0f705034feccced5b3e984b3a567150793fbe57,1
0xbf56d862dc8a3bc92d6197f3678929b03a009404,4
0x6493dd252e7dc76a24e719f08a4394b877d69298,1
0x3aa94cb60ff74b7fe65d4b5d2ef201d5dee7417b,1
0x691d41533df56dd9b26a2f76224378b778885bf9,3
0xa254ac62f359b9a42890a6aa92cfec8fb1f205e1,4
0x428f1d155fdf23ac6eda1592471ca1817d2454ea,4
0x0751633a5f55cbb26cc6abb6b39648b12ebe70c6,2
0x8e41039f7542c6037d938a3a590f55858322f936,3
0xfd87d3cee84ec4b21b6e6fe8965ef22bbab6c687,3
0x8c4eb69f28a87a6019d361675ebcd31f26ea28fe,2
0xf619b1ad7b7525ad492733573724254451ae60b9,1
0x7b839d5cfaa239e828004e0963cbdc055969224c,1
0x7ce51bee9fdec8944b8ce910a4c80916cd00fa55,2
0xc75dc0a1df7636798ce1820fb8f5ea6ff5a7e2d0,3
0x31242a62f76aec547f00e484b44fab750d72be80,4
0x68fcf4d9d06f8d2185292f7b6c5ce171a70c990e,2
0x00a773d56139f90e4b328c356c5063a27d74a4b1,1
0x43c0045bc5a655a1fe1e066a5b10f9421dc5c472,1
0x60fb029de9ce6db8a3ed1ccb89fb3bb87330d17a,4
0xf07c3957e198fee430c33bd27ab9303abbae5a40,2
0x6d2a6eecdb13fa3c604328e80b5f887ad297e7b7,3
0x745d175fd6efce85d6c43e27b63178b1f279cb6b,4
0x9fb6ac0b048a52fa5737988df4bd73d392376e98,3
0x6e0d0c9969c493cfb5613c1077edda36b0ee6c51,3
0x3ef52faed4158339f84822f7c6a772fad9d2f11b,4
0x3e4a503ea62ff44c9611c04cf2a46ac8eff3d053,2
0x277b173390d5a1ad6248ce357ea35fe34d975846,3
0xf7dfb8e4171116ff97917b55ba18ea68190aeb87,2
0x3cc16e4e54779b28db19b062ca9a6487d0574ae6,1
0x38c501b16655b8f34ae15e8951dabd9dbf7fe774,4
0x78fe376a9ba450b3a633afbabf423ad1d47ed5b8,3
0x9a6d90f10736f061ea938dfef056fe9d183dc961,2
0xaced59b647ebd79bf917e35af592f7f23bc914fb,2
0xa07916b911618871f1de3d53c591baa52624750a,1
0xdaecbf2050cf3eedbdecc3e0667cafcb216a8630,2
0xa77f750ad214ea6705c972de9da1ca30b47fb03a,3
0x76a588cc12f2e8e18e6c904ed7b63c01f03f2dd2,3
0xff633a3766f207ca54fef2abf648f1475e643532,3
0x4aa856230692dc6b8cb9f5afc90593dbcf5a09c7,3
0x4da0c11a1d855b658db55ac9a2a6d82c2794e839,4
0x21dda7cc4f6088c47745cca6d5de5a67a0170774,2
0xd04c453461a77b342fea9d1fec55861399401122,1
0x995a8c6828c91365b09d26c1c1530e15e5665248,3
0x65975c96debf1806f4eb9e216ad73dd12728d6a0,2
0xf35c5dac44a2d96a5c6a2f7ad642d9a5de852df8,3
0x8bc27b0e6bc9e214eaa5ffad10a72ead932a265e,2
0x37e0bfca543b9f94df91c9032fe6677716c4d35e,1
0xf35c5dac44a2d96a5c6a2f7ad642d9a5de852df8,2
0x9f12efbfbf0960c63ccbc2a2b11f919bbd80713c,4
0x2da4a7d85ac60cae62f2387082ca330b54d85ab9,4
0x15ca1852f161d09736e4e21ffd38fd42bc662e3e,4
0x7c64ea93e495b27d1f7faa14f012cd4a6b3e0d4b,1
0x2d8304750a8ac17dc1b9a5da1c85c0a55f12c3d3,4
0x2a2197bbcf92bdf93e1fd8004b8e115ad1af775b,1
0xa3827bed6d5fb0f610d5268da4ecab2db8db1513,2
0x52c0e2b66ee82ea1c4dcf66f37fb69926ce864ca,4
0xe80977f831f1eb1c75bac90bd35d09226b2c15e3,1
0x4fac6a41de8a3cec8a3d0ac4d3122efc2e31004c,4
0xef9d571a40bae2128d7a1325346f52ccec7a50cf,2
0x378320b5c5dfddcef82a5a285d3a4a4bf5d681b9,3
0x33480f7fe53f7c105b3a0fbffc3f6a966bfc8aa5,4
0xd01bf1342a9b01906909334390daa9060b9d710e,3
0xc1efa7369a4b5c33dfeecdbbeb41fc82590720a8,1
0x93b1c245def59b629be7523caf4f45e59fae6aa5,4
0xa436ef5a5026ab74290ba9ee57524aa7df4b567a,2
0x6c5f0124693b1f82c6fea0e73031c028307dc816,2
0x65c1425bf0067d3855b72da10b2040c2e4942675,3
0x1d7e23a8599df80853f01ab8020b1d979974f21a,4
0x4589f546750dfa54e1ccc381caa10fdc3e4b5f87,4
0xe8e879f24b03a69e2b4d4aa8d408010c1ab4042f,2
0x5fbd3fdb0ba828332e0c2e65e80316e022578b4b,1
0xca79eabd69668fde1e75093c7da0ddec4f596b5e,2
0x05ac52692bf199f8bad152dffe1e0660e2f10ef7,2
0x7e633df4db5027718d4b46bb2b8cdaa8f25e87db,3
0x9b7061023cd42263448d48c48572507f19f39b78,3
0x80979a44894c7fa1f7f560778c0336246bb0cd1c,4
0x0ea4c2d2be55a2aa17ccdde04970d9ef7da29f85,1
0xb6960df8014086b894864ec00229b177892c9275,1
0x2a18c8586c4716686448ba29e649e5c940af0d7b,2
0xd5aa581ee5d9033b2e36811869781043b1d571a6,2
0x17338e66de634913546f0ca09c4183e762e9696f,2
0xc10f61c32353558d7b5c3d74ef013bc245a9c29c,3
0x14a3d8a42a150ed30659e7a055bfc1fa9b360044,3
0xa6d04d44e8f4950858f969b4a42a7af3a33639f3,4
0x8b14bc8801ec6d9244f43ec37104a5a287c122fa,1
0xb63645e7d96ed194c6379f2d1e856a8100e4178b,4
0x329b3bda9e6b657fa4666febdf914df89fac08b1,4
0xbe5d5878de4474d4b5d7fc763fd9690bf67c72b0,1
0xa94b40c53432f0576e64873ce1cead1aae62fc90,1
0xf35c5dac44a2d96a5c6a2f7ad642d9a5de852df8,1
0x991264c33a3cc66dfb549d07701a64d0b685f711,1
0x05a5c73cfea235bb82b6b6c203cb7871fa0fb22c,3
0x28a1b6a3ea26fce04e1ef889d27ad34845ffd31d,4
0x300e2a30740ca7c99bce60d56914f2ab28de4f35,2
0x8d4ab4bc2a5d434e63bcef48086a43cbc0ae2a14,4
0xec4454e7c8062bedf3f2f719e73671c6e9da6efa,1
0x565b5719aa63601f269d3b797f3ffcafd5103e06,1
0x1c258df3535edb0c8811fceb40cc30aedf7914a3,1
0x008ba48b1c005edbc76d75c7143c868576f1fbbf,2
0xc307de9228c2efbc5e3fa2d02330f8399998e963,3
0xc1efa7369a4b5c33dfeecdbbeb41fc82590720a8,2
0x44056a3ad45b2beacbffba2e3f088aefa1e785f2,1
0x962756880ab6a0ef4893147bdbca0ad475271bd2,4
0xcafcd62114cfc1d16298a1cfec409bca139c899b,4
0xb4649884b76c96aad4739aed958de7baf6c418da,4
0x1730cbb12f7bb8e52646cd6815022daa095baf10,3
0x4219392b9ede017120723094124066debcedcbf2,1
0xe53bf833e00d217f849a53f015adcb36865327de,2
0xd86a1bd715a666c0ea4c7244994777476443f9c8,3
0xbefa1156fb87b82c5a1231cb005097ce680cc74d,1
0xba6e0cb1c117e5e804c1f4e6f5cc479907f3cf49,3
0xf7476db5b717ac661c027e684456115ab1e728c3,1
0x3a85d2fccb6d547fef9cbdfb0e8ba354fd264416,2
0x919168c4192a9d64b51a1d6514ebc5690027d912,2
0x796b0389b596c35d40ec0bef393c46012bff180c,2
0xd0b4b8dc67ddfb92b876c8ceadfea0770f631354,1
0x848887741b3e38233cd858c5dd7b48ca9197fc08,1
0x93d522e003bb5c138f8d5a00fcbb0cde9a1a5283,1
0x12f4b6bdd718326294fa171605b4cac8554ea38d,2
0xc9ad6cb7b2cd3b85e5099ffdf69eeb592d31a867,4
0xcdd47da659cc1b57291d925c66ef1e47199cce91,3
0x27b295ffac2261a6204e00500452a97eccba8ea6,1
0x64115952aafeeba2d8006f54c49669afdbd860b2,4
0xb9aff488efa59576e9d91160e3309f4f8acc1d6a,4
0x7e02972597dbe5c1b5f098496a67f7fa5e81058b,1
0x71728c9c0b88eb250494719b2df8049a6c0dc18d,1
0xfed6b9243748e5a5bb5c1f373fd7da9fca235334,4
0xd6aeeadcf111f182fe36774e1b35cc7a24a4ea77,3
0x5a8d06823ef092e5f22d55f851f343cf46d08246,1
0x81070a80918c25b83c4e67c9a348d4ed44f46b72,4
0xf749fdfb64a241e4b9476897ead1c6a7249bcdba,4
0x176b8c8dd7657a011fcac694364e69cf011980e9,3
0x542e81ea56497e6959cea58947cbcd29a1ce77a2,1
0x7eb97437fdfa3e42c13eb36f2d61e2d12fd3ab02,4
0x9f67ee9c1f2bbba975b3b2759657ece2aba2aad7,4
0x1bcdcc1f1bad21fa62d9ea0d6406a113e924fc09,2
0x20a4dfd9f50e79bb3106ffe15a82339584383705,4
0xeca050e047c40d9e721fbf6e40cd00f6254017c3,2
0xbefa1156fb87b82c5a1231cb005097ce680cc74d,2
0x4ceaf2a5577457631dc77b8f6f24027d42a248d6,4
0xa8f88caaf201b307a4957713f9d106efb289ad71,2
0xcdd47da659cc1b57291d925c66ef1e47199cce91,4
0x6d8bbbfb01c33603920546ea470da8a7aefea267,4
0x2f8cdb7887111b5c52980c6e3034d627e4a96a33,3
0x520d705679c6aaf77bf8944bd21cc39ffb106f1b,1
0xf93860c51cbd97330a5edd7b43d1b7bc7434c2ef,4
0x92ab4765114d0f4eaaac6e8d8c95cdff20c64a92,1
0x8c4eb69f28a87a6019d361675ebcd31f26ea28fe,1
0x255c525cf2ddaccbbbac70546fb24568faa1a036,1
0x942a79202a94222819466594d6a0854cfea082cb,1
0xa573b5e3dcb1a4e173b916e47daf826e2a8ed4aa,2
0xa3827bed6d5fb0f610d5268da4ecab2db8db1513,3
0xa52126809c92a62ba2f2966b5d8ce695a802da5e,1
0x3f81f841f7294cb5cf5fd660400ddad6cff83381,1
0x2da4a7d85ac60cae62f2387082ca330b54d85ab9,3
0xada87c245ce2dec669d41d1ba1de2502cbd33302,3
0x1c966af32474528f3db03c9b1fec1ff8c7e4911c,2
0x900a7b05cb1e3fbcd699f8df9c9399ff9d1cbed2,2
0x99e8d8907792c119347ff1a3cc38ea0be95e89da,4
0x5719587059f343b47e4fc59be681682318e30516,4
0xeb5472754882c7f6662728daa655321f2d28f5ac,2
0x94c732aae0b82cb594b9c4f61e7a8779003b8773,4
0x7417961b105c29658ea93cabca4391c751e2018a,4
0xf7e158bd2b6e79ef2f2ab72ac6cb2fea239c2a9b,2
0x9f67ee9c1f2bbba975b3b2759657ece2aba2aad7,3
0x344a81c457ce524e348f017c2b65bd53b3542807,3
0xf690ed0baa0879ebc3fd094b95eef85a4237a30e,2
0x3aa11fb3a489fde5a88801e8dac7c164b8b6d90c,4
0xc801570b6b9279b5135c216ea9dca4f763dbf7b6,4
0x748db5c9952f47081f081768b3d92d4dd1e5ad33,3
0x720b0b907036b3c00e91c7c0c185b5dd9e882a1f,2
0x6ed9e051e1df81f55826c6cc6ff98a577f592640,3
0x633ff2f3b6bc86047c33106d04cc02709767310a,3
0x521dd0ef9ac957174d8021b7745b48ec129e38a7,1
0x88c9bcb9594d02d9cf06a430f3cde5c16c85ecf1,1
0x69ac8b337794dad862c691b00ccc3a89f1f3293d,3
0x046d515d01ea0d199f71c9faa487db92cb76e244,1
0x44056a3ad45b2beacbffba2e3f088aefa1e785f2,4
0xa3dc49a00d594c866adc40015823df753a1c550d,2
0xf601bf3c5c62b546caa55ecca297667d0686ada0,2
0x5d482a096e2cc27ccb3cb492d03894461fcd513e,2
0x92f93fadcacb86f6bd163a87a0944341b838cc62,1
0xe4466cdb7d3e32f905e0e940d5ea9ea75b13226f,4
0xd557fb7922680f09202545a75cc6ae35a1c73c01,1
0x096339c333e7369e96abaa72f0f031bee8884967,3
0x453e5be22dd740541321105cc013d234595a61ff,3
0x428f1d155fdf23ac6eda1592471ca1817d2454ea,2
0x0a04362fbdc46b8af04e26246fa07cc636a7790b,1
0xdabbae361ee98e3643f6eece82d0b50df4d6eaf2,4
0x1d0b4038f51887469fee0e3c2168a2a2717011da,3
0x2884b1d9d161bb837cee99e7853d0577cc8628c6,1
0x4d5d947981226778c9deeee8644c069c6cc4babc,1
0xae8e8fb43604440c6865dc076eb0a66429269bbe,2
0x633ff2f3b6bc86047c33106d04cc02709767310a,1
0x0a5abc4eef196994abb9cd34fa8fe9229ce53e4f,3
0x962756880ab6a0ef4893147bdbca0ad475271bd2,1
0x34d1c8f28aa9b60d863dbb38e53422998af5798d,3
0x1e749bac933721a73545c0f9339cb730c0985c93,3
0xe4529da64470340be1029e2d4c80ab406f7a264c,4
0xf9cf3f5bb025a260deeb2e20861248c4894a42a5,2
0xc2c1b88760e615c59f8c9efb42a7d3604da82626,1
0x77a77cbb38fdac42e42bc694269a3bec2cc4947b,2
0x5d3f1dbdcd6aefdfd5a5949f23020ec603eb2e62,1
0x998b8c893ddf59bb0682281fb5cdb3754ab96616,3
0x6c5f0124693b1f82c6fea0e73031c028307dc816,4
0xd2ab8d4477de157d7a4921e8ae0c90f969c084c7,3
0x56eb95e67b84ac62d79612ca796e1f5dd6e67c83,3
0x6d5ebdda473c81fb8f3c517e19925913451852ca,1
0x0b461468951c17801fc368c2343c3872a2e39117,1
0x5c0d560764501807040461c21b951cca17082440,2
0xfd87acb6a745ecbef502f176731f545381eba783,1
0x28142f32380eafcb2e6fc36ffe1b50c307cecdc0,4
0x7710eb43d29483789a1e53aefbc6ca929438c4bd,2
0x168e93b88f7b13887955cbb80ee1bff777805450,2
0x1e1e33d4bac69f3f3c894e6c9821652fd449df61,1
0x46c8458081d1f7f66aaee45a2d8e39b0c5eb023c,3
0x0de8947c2abd59c201e5ece142bfcd22253bfc0d,1
0x9d70dbc70030b4a935f6f4915b8a4cddf7c6cd8c,4
0x53551d40666223f74a0cf14fc17636f2804a0945,2
0x063fd26d4b3a91786a9e74de2419aa9e2ad13f18,1
0x1967513329b78bafa20543174a48e67b704f8639,1
0xddf97b102e64471279510656d1958e2b93f8b9e0,2
0xddf97b102e64471279510656d1958e2b93f8b9e0,1
0x7a08fe55cf73629a765fe8c0928508a76ce755cc,1
0xeb92f0f58b218ad22a22741d5aa5bb7250e70045,2
0x451248229712d6f207ff9466d8d3a33cb59d103c,4
0xbb78645333c1c594965ddce981b22c026e1592b3,1
0xbb07f16c0e85de5d3e3215462293d66c54e974ff,4
0x97058e33815ad92a41b31f2ad2c3a95e7fe927be,2
0x5068893a404e022a4cbcfa26d17e37efdc4b8c56,2
0x3c4a7b70aa57f6f2d6872ba0f51e9f7eaef8b5ea,2
0x6b29b784dd6a73e3cd0404ae4b347923c2806181,1
0x5c9d64caf722e00b0662f0d59b12778b7f959504,1
0xcc6c69684390dba0e3022e95d95ac526c26e71cc,3
0xf7b6070f4d03296ca828ce775d6fb73a9c6de1d1,3
0x748db5c9952f47081f081768b3d92d4dd1e5ad33,1
0x7263c0ba0d332a96566e99457f8f93c2ecd9c03d,3
0x114558d984bb24fdda0cd279ffd5f073f2d44f49,4
0x46290baf7f951774a74c027a5eff167cc1f67156,4
0x542e81ea56497e6959cea58947cbcd29a1ce77a2,2
0xf7e158bd2b6e79ef2f2ab72ac6cb2fea239c2a9b,3
0xf4d926f7104a2599c94f434c07d1dbec98c6e498,2
0x277c74f45724945b2066f305fcb5a609312390e2,4
0xf7e5db0ecc3e83d5fdc7dbb8b585b9d078bd6e44,2
0x58668631edecc4e78492983f38da5d7511cd541d,2
0xf9a1ca9eb2c63d1b762605440cc100dab850f712,4
0x56d8216b0fd2cdf9741b25f38606c19105679c12,1
0x82a0afbe58fcc7a23772019df989d3242da6cad2,2
0xd55fec3e96564d552d469a778941e3e517eeddf3,3
0xd8e37018265f307e3a4f9dbceaa64e94021e1e7c,4
0x63c410a066d5d12217b713ccac5f600a06ba45e6,1
0x8571a8ee69681781ae295c915e227e79158ea9b2,1
0xe6086bf2e3ec483adffb2964709f379db83c0222,3
0xe6086bf2e3ec483adffb2964709f379db83c0222,1
0x8c7f84728fec10660503e0d56374cc7425141446,3
0xf67b60569f09601ddb37948564378b2689efe71c,1
0xddf602dcd33626164b5904e6b9ec37fb04816a2d,4
0xc99c1c628e24b181099dfcf174a2fdb44b83651d,4
0x801257ac36af59af1d884637e2a03bd57b70cc4a,1
0x522610aea6067bc4d705696fb7c5dc10b97c3a8c,4
0xf759bd0b06d8b205e4b05aa43f213637899aa9b9,3
0xa7a53f9e924471aefcbf85ae546f7c0bd7fcdb9b,1
0x3dd04470511660cf3b3aa7f2f137c16454c6632f,3
0x1fb933bd52d4b78e3597cf854c37d273740bb5d4,1
0x75f6c2edade8ecec07de7171e31d2eba73f7afb1,2
0xec33bd0e864a879bea2a13ec6076d3070a41965e,1
0xcf9bb680fd6e35ac55445d9eda73ae617d5493f9,4
0x40e9179ef829e2d3e77eb7ca9e473076b481246b,4
0xcc89ec35fcecc62273603b6031f93ca692a54414,3
0x53e67047dd4d996cff636da6bd385d4e25c2f3b4,1
0xd703accc62251189a67106f22d54cd470494de40,4
0x3c3e8812c29f4de45a0c6d12a83a021e2ea66a22,3
0xfdb8251128c740ef22d5c9ce9a7bb37f0e2de50b,2
0x6e2bd36fd533cb939c9b2e90582a882644fc06a8,1
0x5ba644bfe39bbc1beeeff62649c5000ca49044f5,4
0x81e08519ac97e8131f1ed861feeba64d2ca21b19,2
0x6d53616466b435f8a4702e3b562ff4c910c150a6,4
0xfe9a706c46b8118a0d01ae22b5e4086cf5d59b15,1
0x5d490c4a0b5d12c317e24d5198becfa304f72929,4
0xcdd47da659cc1b57291d925c66ef1e47199cce91,1
0xaced59b647ebd79bf917e35af592f7f23bc914fb,3
0xd6aeeadcf111f182fe36774e1b35cc7a24a4ea77,4
0x4f66f66b916142c055da9cca02036aba430a8dce,2
0xfd9e173edb21bef255d774c7b51314f92e9f31f9,1
0x4e1711ab44d16d3c94036a1dab49f1a8b4207504,3
0xe7e2e52c2a1e5c6a5055bc5d96414e06bf738e1c,2
0x3bbf8d701f5356ea9d75f7a3892972b27d99ad47,4
0x543806810595fa850453c08f96d0d0b199243e4f,1
0x1ac8dfaa7857844e2a52acec60ba05eb1863a7ea,3
0x8e354849649f2d80ef02deb55b57c64b18e3e724,2
0xfd606de939ada8b8bccdfdaa46afd9d4f9bd6124,1
0x9ae52e3daeb9bf9903fc5085f9a1d87b510952ee,4
0xb8832d516d0f3094b4bdc5400e36a2a6984233ea,4
0x6e6abb4a0b481781f38f2c61ad46396791324567,2
0xf69dffa2394739868fd69c3815702ab6b5ce9c28,3
0x765e83605b3e6ef0e0495512555b5783cc84974c,3
0xc26acac68bf0d9ca2de155762e956528e0ad4eca,2
0x36de990133d36d7e3df9a820aa3ede5a2320de71,2
0x1133d9434b1890b826d81d13234984f8fed5de87,3
0xaed5bf24e94f6e87d9d29ec125208923c99f0b76,2
0xde22ab38d99b212838f4e12cd26246be95c3777b,4
0x6a0e62776530d9f9b73463f20e34d0f9fe5feed1,3
0xd6fcb49d9333e5dff6aa0ec84795c5df781aa3b0,1
0xabe75212b85e2740b797ec19579ece70e3af4d3e,4
0x409b3f6363b6c35019f68291398413aaeee96c04,3
0x1d19da85322c5f14201be546c326e0e6f521b6e6,3
0x1d0b4038f51887469fee0e3c2168a2a2717011da,4
0x87616575c88ab104996b0e402bc9a057bae64eaf,2
0xc801570b6b9279b5135c216ea9dca4f763dbf7b6,3
0x18d6ad7bab3e45126a6802e209038c329d89f480,3
0x70175d35ab7cfbe502de791beeb97f3b6fc7ef1b,2
0x035963d822268ef3285a152d4cf690e5280192c3,3
0x1313abfb7f89bbddfd9bcc150dcdafe60e227fc7,3
0x41af92a794a0369ca505549ae6a24097c2d26b64,4
0x1ba3af6df14be3222638cf3adaff54a2a2d29fe2,2
0x852b44d586835dd9243b7267151e9ca46f6661f2,1
0x2bf25408030ed67eac1daf20f2d3d47d2d594615,3
0xc986e31f13584778d719320af10b53f57f8d524e,4
0x731bf28f38110f4862bd13c0aebd71587684c8a7,4
0x4bd4806c28c305ea4a03e77becfa7f88dd242142,2
0xca2c1ee8c0274c6719d36e0576b3e94ea9a5c383,1
0xded7ce4fa401902f937322b2b895c61958150ea7,4
0x6d554123b71afd4a2d6ea444c3fcb528be061bd3,3
0x3385638aeaa0b65427f5dd850fad78f73a6e4235,1
0x08a0620984149547ec4b9289ff4ac807df42e3e3,4
0x652968c8e951709997418eb6b22b7f2f8e99fdfa,4
0x3cc16e4e54779b28db19b062ca9a6487d0574ae6,4
0xde59db2f37989a26f74082e34a8a0db5d4ce6f54,2
0x7806fff67c11aaf838e8f7c173bd2414db1c67c2,2
0x08a0620984149547ec4b9289ff4ac807df42e3e3,3
0x22690daa2ebf5e0c6352597f0ac279928b31b44a,4
0x34e941e82d0f281e80a72125dbf7070843c4fb19,4
0xfec72a9cd1e043fd2c1f2cdfa48706b8b941ff1a,2
0xdc2c3d72ded9967915b7d4b91b41309a237c0444,3
0x09548024094e55a4bb4bc88a6d03f96147f7cfdc,3
0xebcd0106fc565e8e8229ff3c8fa22ef514bdb4f4,4
0x134ca4fee2a9b53007e1cdc811c8c06fa05cf4dd,2
0x848f11e9c468be9ef6bf5f1daa742e6adf25d7a7,3
0x00ccda632b5829f34a268617813a3cd02fbcac9f,2
0xa5006f0bfa998550fb0df3869cca577bd76fe007,4
0x1857034ef7c022c4373370ff5211be3da7ea27c1,4
0xafd4a549821d65294e23bdc704690ab87f846ce7,3
0xa35052158dfcad805b7faa4ea63225eb39f07678,3
0x6d904bcc1a7504a56e04f17c79edb02aa896a6a2,3
0xe77f4ad2d5d75c91b94fb7829171ef44335cec0d,4
0xa746fc0d33079bd20e9c3ad0b4635a2722fcc130,1
0x9fd5eebbc0b8de81bef9f64a795ccb5feda9a5a5,4
0xa389d8f6d8ca5b594f7a6987c10be28541e81169,2
0xb63dd54076ed68ce4919a814982aba21ee447ef0,3
0xea635dac1bc7c2d372780675fb739f81178e1704,4
0x3a52a863de3870f5ff22ab9c2f6ad104b5589efa,1
0x2a2197bbcf92bdf93e1fd8004b8e115ad1af775b,2
0xbd7007c9a458f4afd372bd3d8b71e65a16e52cc4,4
0xeb5472754882c7f6662728daa655321f2d28f5ac,3
0xb8265f3afc0c024dd86004a201707c3f2e1c5f16,4
0xff633a3766f207ca54fef2abf648f1475e643532,4
0xec7fe1bbbc4955836bd54d23088a91e5b4b32b77,1
0x227c97b67925cf39ca2c8fcec7cc3720d4b1d564,3
0xbcd4003a9f762bae9e880c827773ec5c401a31a1,2
0xc02c6577c2172f420d6aedcb2e65591270f1e804,4
0x8bcd13779b037d74e704c56c678a64b3e6bf71c5,3
0x755a3e44d055f13e7c430c6774401db8f630579d,4
0x3b0c208df0dd47a8c70de80c06b99a5085d1e09d,3
0x5d6f892d89c8eb80f444fbab3b003a650bc19a7c,3
0x942d6db00798741061c3cb9b2acf864391b54fb7,3
0x68fcf4d9d06f8d2185292f7b6c5ce171a70c990e,4
0x3e10553fff3a5ac28b9a7e7f4afafb4c1d6efc0b,1
0x6ffefa191698231d10926bf00efebbc54f9b24df,2
0xa573b5e3dcb1a4e173b916e47daf826e2a8ed4aa,4
0x6957dc902e51cf391a5bc6ad89a74c0d6e14ea21,1
0x93d63c54f81ce8b6fc7f1081f5b491c647bfc225,1
0x472e49348933a08f86d5930502912913c669fe4f,4
0x03709efa5322d629c6543522202aef525140ef9b,4
0xb1fb83e08634c55fd505bbdc8f0441fc1ca3f47d,4
0x0ad82809168be581d1e708457b4a45b0bb311632,1
0xa5125a3a481952ce368d35b62bf9963a96637bdb,1
0x209d68286015eacc7b9a4fe9ab87d90a12ab4830,4
0x2938212145e90b579d020511fd2311bb613d251a,4
0xdc311ae81090d5eb86c4616c0ed8489cc3df45cb,2
0xa77f750ad214ea6705c972de9da1ca30b47fb03a,4
0x6c23b538be3c027603a312aedd75eefd5494d289,2
0xf1d9302674214a051f5644ce40def36e0cdc1e85,2
0xd1972b9eb3a625f0f96d56703e1f2f547f740939,1
0xa722f296784b35d20b28ba821570f943dd4446f1,2
0x7f918745c1a398ffff3ec2597866e49e5a8402c6,4
0xf4583ac5c12df365a850fe2f9ff63dc7acbaffcb,4
0x58024b6c1005de40eac2d4c06bc947ebf2a302af,2
0xf07504a96601b35dd702b07ecc57b2b169866f57,4
0xad8da231c9fc2b2852d88e3a26d8057466c58797,1
0x0db5e7924d87d2ec27876882e7af911a58050dd1,4
0x4cbbc754403c5e55b3f196df20abfd5551f1d908,2
0x42bb1788c41cd178b3ff18193450afad7557eeff,1
0xd74714e526da3fc2e3ca65c7e77d6bc1f9802951,4
0xde64c2925893a6c9841c0ab0d274a886a494f2a8,4
0x87616575c88ab104996b0e402bc9a057bae64eaf,4
0xdffbff78cfba1b59596166a663c91cb5babee378,3
0xa573b5e3dcb1a4e173b916e47daf826e2a8ed4aa,3
0x0117b6f415be6cefc95a343b24cbb69bffc03441,3
0x415160f2bc682e4e2788b4e74ab676b862d5305b,2
0xad1d90551681057308ae0b9a147ac27c2735f837,2
0xbd779ef9bd011cdd1ea810852cd1875a6db4547f,4
0x1ba3af6df14be3222638cf3adaff54a2a2d29fe2,4
0xdc2c3d72ded9967915b7d4b91b41309a237c0444,4
0xee9a87cfdc7cabe47673ef143912ac4466f4a7e2,1
0x2bf25408030ed67eac1daf20f2d3d47d2d594615,4
0x84560360b823b1d62bef745b352f6b7ee2d92c67,4
0x69bde2470a59ae5e14a38d2d2066ad8969e6e7d5,1
0x8229b884290ebbbd4bf94509c0490648cd9a1fdf,3
0x638d31299f1108ddaf34145cdb5676b875022a9e,2
0x115693e5fb0219057400b3047cc42c5d9ae1a484,3
0xde22ab38d99b212838f4e12cd26246be95c3777b,3
0x8f1b352e2f6a9950467472b1f91bcd036cef3190,1
0xeb5472754882c7f6662728daa655321f2d28f5ac,1
0x543806810595fa850453c08f96d0d0b199243e4f,2
0xffad4836b73a1ce5d86230e98cb3e52cde35379e,4
0x964167209c71a0d45d89469c118213884c232054,1
0xd60e5625bea7479884611272ded171164b8ea598,1
0xa3827bed6d5fb0f610d5268da4ecab2db8db1513,4
0x207e719dc880e777806fe54e84090dd55a4704c2,1
0x136dcc7baff0c6eec99f1ca4895eca910518fb42,4
0xe0fdf2c2e7c5274d7793e1f96b92b95582423bfd,1
0x3b661594817a8b4f265d402185a221d6c4fa057f,1
0x88cf4cb43a966ebc95af95defbddd38c8a3c698e,3
0x765e83605b3e6ef0e0495512555b5783cc84974c,4
0x36d3a4d746fe840e7f1a5da71187a49b862e4bd6,1
0xa4b341ed8fde519dcc3e417690c9a509c825ded1,3
0xca79eabd69668fde1e75093c7da0ddec4f596b5e,1
0xd2d5734000427131a095db7ff93015eef766ca52,3
0x24035274992543cb3c35d2c7db220c1f36d1a71d,4
0x2a2197bbcf92bdf93e1fd8004b8e115ad1af775b,4
0x02dd5a5f343efe91a1156c4c6e21b89a028003ad,1
0xbbbfb3071fbcaae54b88bb3016d6ad464c0335d5,4
0xdb7296d0ed965f07bf2ac6392e4253609aee2198,4
0x13667f3d79fc20a5d5adf60362693f5a9a2a43f4,4
0x5b18895185025de0abd5ba342ccf2e9f3f7f7291,3
0xf0f845850843dc312bdc23517e58008e37044177,2
0xf95ac561d50c54fa6fe2ca508fd615aab7ea0cdd,1
0x09548024094e55a4bb4bc88a6d03f96147f7cfdc,2
0x3d548a6a01c51faf5a5754487065d8b420cb2306,1
0x65975c96debf1806f4eb9e216ad73dd12728d6a0,1
0x54c975bedf692ae6d485fc97ce095304ced974a2,4
0x0de9bf9d88a84e72414af2417482d922a6484835,2
0xa2f6afbbc23e6c4a76d1fbf0d40c1b08ad1516f4,2
0x48d45096d8f56b00e08c367355d705bae5fa9a06,3
0x5a9e1c0fa76916f1253528db09a6f6f451f4431d,1
0xe39bc99b80a9efd0f14f82aea1406eee93d456f2,1
0x197f1fe1ad2f422f21dba58875adbdfdc5285c38,3
0xd1972b9eb3a625f0f96d56703e1f2f547f740939,4
0xfe9120637b5123972ad69f65fafddb476860fb81,1
0x9a6d90f10736f061ea938dfef056fe9d183dc961,3
0x4da0c11a1d855b658db55ac9a2a6d82c2794e839,3
0xd78aa5944633c5d0590fbbbe3f1cddde63799ad4,1
0xaeb3746ca5ce3592c904b2777f2e7b577b64c655,4
0x1fd50f346d8c3f7c519f0e595d4c18a5ef38c17c,3
0x232b8b3f94042d7495a6de2affb25a29a868615b,4
0x1d0b4038f51887469fee0e3c2168a2a2717011da,1
0x92741750cd4a06ef98bc896bd3644319a4379d3c,2
0x472e49348933a08f86d5930502912913c669fe4f,3
0x6e2bd36fd533cb939c9b2e90582a882644fc06a8,3
0x58024b6c1005de40eac2d4c06bc947ebf2a302af,4
0xe7e2e52c2a1e5c6a5055bc5d96414e06bf738e1c,1
0xc61f9e49bf46f3e4cfa769540c0085eab78edd5c,4
0xcd1818f72f50b247735811417e48e44d52d72b17,1
0x30c80c56f439760d4d0fa33ed19822a27e7461bb,4
0xc4e6c730ff0b963d35f6c8b94437b1f7c314b983,1
0xd703accc62251189a67106f22d54cd470494de40,3
0x136dcc7baff0c6eec99f1ca4895eca910518fb42,2
0x0ace7f4e48bec01ffac4a8cb5d9b5a2bf77acc3d,3
0x05678bc73b1f8863d09e7e19d9f9fd243f702079,4
0x6d5ebdda473c81fb8f3c517e19925913451852ca,4
0x7866acb98fe68aab6919ae3273937cb862e77812,2
0x31e99699bccde902afc7c4b6b23bb322b8459d22,2
0xd01bf1342a9b01906909334390daa9060b9d710e,2
0x170789528a4b2e035fb1d0b4867475aa8c7466c0,4
0x051c50394dc24bff4348d02c6154f42940e3a074,1
0xe8f1f19b27011fb6fab243b3a6369d6d515a275a,3
0x607560f88d447b8f4bddbaa5e4c8054c429a335b,2
0x1d4e1317d147aec6c28eee3d9abbf6a8b9f8e99c,3
0x376d8c695764d5c675d08ac070d14ebcf9fd7577,4
0xddf602dcd33626164b5904e6b9ec37fb04816a2d,2
0x91a9b4da163a1f248c92dbd262ad3e95e042c87e,4
0xd34ecc8585f8ef6b1f27150709b6baf40625d0bd,2
0x1fd50f346d8c3f7c519f0e595d4c18a5ef38c17c,2
0xc39db9c44b26f00483235ecd437af16c0ba31936,3
0xd5bae19d7918e5a9fa321b824ff5b5094bc06ecf,4
0x5b78f06123ee99dc8b21d4e1ef51afe08059d5ec,2
0x92987e1093046b5bdb8b51f9a8ae8dfa4548a4db,4
0xf7b6070f4d03296ca828ce775d6fb73a9c6de1d1,1
0x5901e1e05b8676504b53bb992f716dbdd1c41be4,1
0x1c97f3191c3b4bb48d03d672c03da254ce23cfd1,3
0xe2dcfb3621fd1970b4289f1f8251c6d1efb9d0af,4
0xa4676386ffaefcf535c03a7c9b8cb7bc067e80c7,3
0x900a7b05cb1e3fbcd699f8df9c9399ff9d1cbed2,4
0xd9882d9e6dc0e7488deaa5e1e69ce5dfce4c3751,3
0x8d75f3f744edaa33a7dde73f788f7dd2be127007,3
0xdeea7be92cb8a1449a2bc5bbdccdc44925f92cde,3
0x02c545e7e16afbbe405fad98a8a5a9a9feece114,3
0xfa497b907904ddc735f5059a4ed97275295148c5,2
0x75fcefb06c6295c415ab263894d062a83c812ee0,1
0x767cf9fb87a2a6cfc7d4c1b6abb6ffd9e16bf642,2
0xa07916b911618871f1de3d53c591baa52624750a,4
0x53042203aea49089f804b5702806d58351eda188,2
0x30c442ec66525e8f64edb75703c9045704601733,2
0x63c9a867d704df159bbbb88eeee1609196b1995e,1
0x578761f0a290ee9746a49276c3ceff79bc51b333,2
0xc25960e595718ac2d4a57d1f6e727704541d0a2b,1
0x1184425d6aa202db21b13e92791eacb7e9f4dc35,1
0xe4fd714001f6cd80f5ffcfae4d827538d133dfa7,4
0xa9e4b57036cf96207a517722e7213ca48dd8edf5,1
0x9ea423e57750052118995d5e8c7940953330688c,3
0x7ccd52991f991140aeb52dffe6db1f49c4ff273c,2
0x258e387b44cb28a2429f4bb7937c24a08b0f9998,1
0x7cb5c0c26efd1678bff994e8406a366e191a41cc,4
0xdaecbf2050cf3eedbdecc3e0667cafcb216a8630,4
0x644de2865b9f3ba46397f8b933131ada7f304475,2
0x72a8bf79710c3e6c5ee861e45c0fd55a886b0aad,2
0x8efb87fccec90b884f962ab204677640fb0f9a45,3
0xe0ecb73c6802a26f083e69852fec52a5d08b6206,1
0xe3e39161d35e9a81edec667a5387bfae85752854,1
0x8d3ad35453104f55649fe5c0446005622b0a610e,4
0xd6f64c02c14ac390bf5f772de6cd590f9412bd1c,2
0xe5621eb62ab4b6ceed2617021af183e17d57fd14,2
0xf7922478a472ad1e8e582f4a08a3bd92dd7f2580,1
0x14c20e0caa6fdeb9f5bd3b154b8630260e22ff41,2
0xe5e90b93f275fe81d10e4a12cc0e3854d2d21c72,1
0x4f49d938c3ad2437c52eb314f9bd7bdb7fa58da9,4
0x5d692101636ab33067bace8fb3011eaa6c6c5d75,1
0x3af2f409482b506e95ceb6ce39118dc6cd6557b4,4
0x8bcd13779b037d74e704c56c678a64b3e6bf71c5,4
0xab60a3588f30589914c81a83e2c48d03fef1537a,1
0xd532d562ceb2e708d1a1342da02ba6b9cd0546d9,3
0x51ad94538605f8e5ca232cdb7adee26046f9e457,3
0xd59e7a4ee2c78974ba737884d1928b58967ec023,4
0x63c9a867d704df159bbbb88eeee1609196b1995e,4
0x62005f74b9386bd9fef2cd48deefbc6de05137cb,1
0xeca050e047c40d9e721fbf6e40cd00f6254017c3,4
0x60020f103fe5afe856a84d0c6a785e3f121e98c3,4
0xa49c1e4ee9ebc48ba8fb8166f79d9b628ef64ae6,2
0x55c3e66a54da4ff525e9aa5f3229b02cca381701,1
0xf1a88ad58965cf671fb943842b1761f84bbbf57b,4
0xddf602dcd33626164b5904e6b9ec37fb04816a2d,1
0xa715f8b86857d8ce049e94bd816d307c1dc0c919,4
0x304dd164b76cfe8185d10d37aaab4282b0d6222b,1
0x9e4984d22702ba43488f97a4576cccbad7f0e1fb,3
0x76e059c6ff6bf9fffd5f33afdf4ab2fd511c9df4,2
0xe77f4ad2d5d75c91b94fb7829171ef44335cec0d,3
0x193d33972ce575e76700a486a2a9fc7425cc7478,2
0xf5e22dced8a2e3c7e036c7bda2d90941d1fe96a5,3
0x71806d1b84c2f24db92e0112091369f52034444d,4
0xfe80edb1fdf94b9361cf1635bca04e8a5f765250,2
0x0c9e25f360807da04549a69baec94c9fda1d41a7,3
0x11547a0972728be2b13c98a787665a56d75d77f2,3
0x9c049e7c26a632c9c9f4d5f95982bec0224844c2,1
0xeb6cbe5329902d273b4ea1a43d84618f60ac3095,2
0xcc89ec35fcecc62273603b6031f93ca692a54414,4
0x13f511e16640503986d531631ef54f3b0f7af266,1
0x51f376fbd4da807d0e4c6c62d35f3756da002645,3
0x73084e4338a64d73180d039fae40a0e92b105f35,2
0x0ace7f4e48bec01ffac4a8cb5d9b5a2bf77acc3d,4
0x8a4331051c448ff8d586965970b43da64bcd2200,4
0xbde76acc2cb298daa796873d2279b1a9113226ba,2
0x2fd0476478c01d0472b264e27f9d3c1b30dada2a,2
0x4cbbc754403c5e55b3f196df20abfd5551f1d908,4
0xc95ae368cf45c833a5ca7d1aaf24dfe17b3e2e57,2
0xb6960df8014086b894864ec00229b177892c9275,3
0xa57f059876cfb8e91f4088b3622c47b9d6c0b00f,4
0x242ac2bbbd50dbd84e2804f7a116599887d4b019,4
0xdd249381bcf95b8a7f448922b0f43c360a265fc7,3
0xc958c6cfe4ddbc8cae1705c4bee0cca91302998d,1
0xc1efa7369a4b5c33dfeecdbbeb41fc82590720a8,3
0xd8e37018265f307e3a4f9dbceaa64e94021e1e7c,2
0xa3cad1b12d6508e03e77f404bfc87968b68be9a0,1
0x675479932fd697e334634c11cc4d15e61e442943,1
0xa53e61a416b241bb87619435f4ea27851e347a46,1
0x2ef6225e3776702b749fb2917637e001b0c4fb80,1
0xf05f48304980bbbdb7d1ce47d2776744c389615d,3
0xd917eb4dcfccf91e6496702bc6309d5a59eef713,2
0xfd0c2f5202987e0484edb3d1b8164a9beaa6af89,4
0x36ce75631451137cd8a58cc2879cef1040176565,4
0x989593a779906a51596e84665e24fe2ef4b1f3b0,2
0xf1c6faf83de831f57225ce9f9499ccedb5a2361d,3
0xf07376f3222f3b579d77c1f300434d48fbfb0419,2
0xb40b711c32a9370774fd96510e158335491fe4a0,2
0xec5e33adda04966f2f74067a7297c2bcddf97abf,1
0x60ec8b03ec2616a582818ed5fd8d409372eee180,2
0x17c356fc6b70f9f5ca99652c8360e3657334ddf2,2
0x666e866ccb320123e33a87ff0608e36226f8609d,2
0x9536d0945eed5836164c76ec20e57d6dfa14a798,2
0x1fa8c8b9fcd39d7bd657beccbe18f5348bab22b3,4
0x57b2cf4c23670052cd787831fd85798cd34b29cc,3
0x93d63c54f81ce8b6fc7f1081f5b491c647bfc225,3
0x5d692101636ab33067bace8fb3011eaa6c6c5d75,4
0xd2ab8d4477de157d7a4921e8ae0c90f969c084c7,4
0x11d1aa9c276d2fab606475496cedfccf476a6967,1
0x955ce4646946aff403209d294e6053026959aa3e,3
0x0d2bf8e3d505ac813f10316803a9db1fed3f71cc,2
0xdfdc3c713e89bd3d134f9257c5b5838961db0f20,2
0x4c6615660c950dba762ed5503e5916e57aaea5ce,3
0xe1690f5153ad0bbc683964aa81645c49b3cf6567,2
0xcfcca7aea9e403744858c53e13adf8975db9038b,2
0x51f376fbd4da807d0e4c6c62d35f3756da002645,1
0xae12ae7de7342b43f236c2fcafaacf7901a41a48,2
0xbbcf3985eb53c30a8eea01d9357314d61fe0e727,2
0x522610aea6067bc4d705696fb7c5dc10b97c3a8c,3
0xc69efb4df333115b6adf93aef11a36c0d9305bde,3
0x963f5ab13dff12ca8ada0d5d226ba1606790303e,1
0x4f88e41f14c5401ed57eea2a5da4d88c2b9c6602,1
0xf3fa99922f9cd427d02d36a7f7b4f736c103e911,3
0x4d4bc044b1e4663fc2de7017e03b63b55bf8694d,1
0xa960463a1f6d2d1f8bdbeb112fd3d1452db13bc5,3
0x6d554123b71afd4a2d6ea444c3fcb528be061bd3,1
0xebfceb7ccfccf085c624aa66ae65675d24819529,3
0x6e2e777e16e1be1874357ab8b60705095047296d,4
0x576efce2e7b190434c6c51af3c8f845a52b3a77f,3
0xe3f1d26864ebf8d59d78778ce3e47cf6d99e6c65,3
0x952435771d5ad48de779a23f21b1545c7670687d,2
0x337d64e8d2d1e7aad566c410bcb21a405620ba4b,3
0x6a2a7fcaf3a40488581c4b64ee41351e8f4716c7,4
0x7e661089c4aa6cdfd2c0adf3f752c87765a38f0e,1
0x00ec41e597074aab4d79b1574ceec89add35dac8,2
0xdb8f4f4303162bcc5c453e83b054ac4208d3baa7,3
0x6b36d12439407426ff5925f4ece1761438867dd1,3
0x00f1bc0116dcf2a09a5617778fa83037954c4672,2
0xe4fd714001f6cd80f5ffcfae4d827538d133dfa7,1
0x5545cdbb1ac6d61c64012b38bbde59758fb355ec,3
0x8457d2a800ff5dd5a5aaf4b1e0531779f466615f,4
0x9fd5eebbc0b8de81bef9f64a795ccb5feda9a5a5,3
0x1965b1a12e83901741a9540d6fc7623a073915ec,3
0xdaf446d096d12e54e47c8cf2c1a05d6a2769981c,2
0x329b3bda9e6b657fa4666febdf914df89fac08b1,2
0x5d3f1dbdcd6aefdfd5a5949f23020ec603eb2e62,3
0x7710eb43d29483789a1e53aefbc6ca929438c4bd,3
0x4e9aadf92367a125030b8d6854e7389411d5ab39,2
0x4255357094ac1858291fb71c746cb0baec68065e,2
0x64039f1a3fb4ab1f391b880a1d83507c095d892b,3
0x674b629c2799c044b7fa19dd9bd7d6175de76c91,2
0xf266b68f049c51b825c719aea0dd15368e15c30b,2
0x36f26e2e5bed062968c17fc770863fd740713205,1
0x31f1f8b1c5ed47b8ecc941e55f46251303b2d782,2
0x1714006e44d81bd562174a0544466c325b31aa8d,2
0xadb5d91a9eab07d27755bb3d6c5a9c1009d9e7a9,4
0x4a04a725eaa382e172a501ff1e88730a1a7856c4,3
0x1556e741180b1adf8acf93bdc868c2fd20e75e61,2
0x176b8c8dd7657a011fcac694364e69cf011980e9,1
0xde54074b547f325b9ea169273ade267192ad88fb,2
0x8c2d946cfea1a6eed4c79b12ae1ef01f0a100507,2
0x832bd5e182fa61d05974b547310b386c4ca040ce,1
0x4f40fef467a8e34525551ab49db6710976acb8a5,3
0x469b2c510399dcfc6613c67cc9f4b0ccaa61dd42,4
0xaee2f40fe0568bd859bc6a518c7ef3252fdc9bf0,2
0xf12b1da381e2ffa7e0d73c512e6eca10fe4291a3,2
0xd72b9b864ed1695f92dce52287a51c9e450091fe,3
0xa615f34b170329507b37c142f8f812b8e1393beb,3
0x452046e1582d3ec33f9181f475fbe53ef371c3df,1
0x0ad82809168be581d1e708457b4a45b0bb311632,2
0x638d31299f1108ddaf34145cdb5676b875022a9e,1
0x5fbefbcbaf6a7451f25d02e690fba6ff44a39783,3
0x83eeb766f8d5b914f1c9048c4116e4bd3fbed185,2
0x4b409cbc244786eff47b50ce80444afd2f73038e,4
0x27e0112a796df596cf3010cc6741374b173feea8,2
0xaf859c6de2b20a67e3d33ce0295655db6e9877b4,4
0xe2dcfb3621fd1970b4289f1f8251c6d1efb9d0af,2
0x50ea4869b428dc56e43696f603a13f5391f927ae,1
0x7fdf77e88cbe0815fe6c8f32cc2c24d81678bd07,1
0xa64df8f9bae5e6422ef387170bed325171576587,2
0xc3173d6836acb613ac4a5805cf25bc27311b7b8f,4
0x32191fe4c0854989b656b9c0af6478ccdc62fb31,1
0xdb452fb1bc99cfb37c41d9a6f1600a6ec3445717,4
0xc8801893aeeaddad9246fe16ed8e944b3cca68b7,1
0xf94a395c67cdd5106c9c21460c426b7e4ba4eeca,3
0x2120e29a69640830af83206faec13989d4458b13,2
0xf3d9281fa183b74f32b96e1c5244596045f4ede8,4
0xf7c4de718546a7481c7a4fcf4267ec3518167ca4,4
0x85c0c09570c955f6e07522e9ad6041716cbbb7fe,3
0x07a6d58cac8d98af26508635815ce1e56458c5a2,2
0x695e1b1ec7448d01817a24280f7237d92f873608,3
0xb9fc8af3437384be704a51094a130a426c83d52a,1
0x2c01550d2e5b343e32ebb4f6bf4205bd2a105a6f,3
0x460e1cc725101c95efecdca242ebcc91623d281a,4
0x8bcd13779b037d74e704c56c678a64b3e6bf71c5,2
0x64faa6429aedb1bc10bc0b55b4cd61a582f7f054,4
0x3e2f8af67390c63196274458d98b5a85cb892d80,4
0xa9ee039208f214d8ffdd6a8b4e14f9a56fd77e0b,4
0xdaf446d096d12e54e47c8cf2c1a05d6a2769981c,1
0x8575c030887170a49e57e3d51ab67dac81fa155b,4
0x5e130cb7f8cdcfb5a15018ee5846769703ec4478,2
0xdca1f6a5a73cfb8d69487836e4c4a6b13b3d501d,4
0x0a4b719bba91774ca1f58c66de4aba4cc780d327,1
0x6a0e62776530d9f9b73463f20e34d0f9fe5feed1,1
0x996c3fbd3edcfc3799949540d61cdfaeed1ce2fc,2
0x04304480ecf8baa0876ce9ccbbbc164b316837c4,2
0xabe75212b85e2740b797ec19579ece70e3af4d3e,1
0x5740de1b3bc39f7e100f0dc704735d20fa9458c0,1
0x969a053968b0a7ef3f3734f36f3045293516f44f,2
0xf84750ae307d6692daf2c9819dc8b2016f2889a3,3
0x5bad3b4db49a608cdabe277f3fc832f2f7111eb9,3
0x08177c226397a2f90f3b699db7bc22ef751bc51f,3
0x92f93fadcacb86f6bd163a87a0944341b838cc62,3
0x4e04a5320ca2e6278c5192136e6992659dcf4607,3
0x0f72c3150d948b5020e4ef5f701ac818262b3077,4
0xb54f96d3723b9b14a586b992937582423e1894aa,4
0x19d31095a8551af376c20950b7208fb4c23f74e9,1
0x1b9dba9c36724f25fb57ae62adcd5d3d01dfec93,4
0x4ca1bb0cc3e0388b50fcb6b2caa5cb6189afb893,4
0x11547a0972728be2b13c98a787665a56d75d77f2,1
0x4ab5e3f0b2d1604dd2002cfeca6163802d74c6cb,3
0xda3239782a6d8493b6cc7a30816df93ac9bbec76,1
0xf12699d8830c9b2be9dc48813b7ff61a6a5c41c3,1
0x769ccd893b9bd9f24750a517374528578cf4f708,1
0x9fb6ac0b048a52fa5737988df4bd73d392376e98,4
0x33a83bbf8708beef3af2917669be55df426b2d52,2
0x72d47acff1f026c030000fdb0b0eb22474caa810,1
0x8805b7aaea47d07bf369ee103af5d40cb9ed15ba,4
0x3baadf3883277ec2d00ef92d074b6d36baffd8af,3
0xebaa548a7dc3807e0f3f1a6a5dd8dcd52db7cc12,2
0x115693e5fb0219057400b3047cc42c5d9ae1a484,2
0x0645c14766b189606bef01b8ec0458eb84263fb1,2
0xeac074e12925373905e59b139e75f0a84c8a041f,2
0x63c410a066d5d12217b713ccac5f600a06ba45e6,3
0x011718c80656e92255f56bb40929351b185f0f8a,2
0x5839eee60beef04683f17146751d4920584225a9,2
0x756d0822bff0ca472cc430632953c73ee514d8cc,3
0xd7ea0a16007ea32547a20993202d1ab824f10efe,3
0xec7fe1bbbc4955836bd54d23088a91e5b4b32b77,3
0xbf8c73ca501be9f3667c37eb261192a30949e07a,3
0x9d615b33fd48a335f22ef6d2cc673de9ca3d585f,1
0x60833b391989db3593fa77478f8bef4c75c9cf31,2
0x0a4b719bba91774ca1f58c66de4aba4cc780d327,2
0xc7efe6269efe82326e64a9e499d3eeeaa760dd4a,3
0xb885cdf11022cb4ec07947086833fbe2d079f0e6,3
0x22c7e27f7e1268c8d1f06a38cf35ca8d505725dc,3
0xb91ea5a864256cb7c9d8bc8e9423602a0fde31d6,4
0xb4ecbb9d116a2b38cee4ede75b0a96746a175efb,1
0xbb78645333c1c594965ddce981b22c026e1592b3,2
0x5f4930d1ff3d386a22d5ca81c32406ff5f2d69b4,2
0xdb8f4f4303162bcc5c453e83b054ac4208d3baa7,2
0xfcf22b67c90cad767e5df5bf27e8a896c2991927,3
0x8d197db5204a1fbf647b8fc559b01ecb5643ea26,3
0xe3d1f4b7f36779adb56884843cc678878d60a282,4
0x9eb0f7d9827653ad87851764ffa44015985fd1df,1
0x60ce0db193967ad84ddb75f431d7b476f45c0098,2
0xd6aeeadcf111f182fe36774e1b35cc7a24a4ea77,1
0xbd7007c9a458f4afd372bd3d8b71e65a16e52cc4,2
0x30c80c56f439760d4d0fa33ed19822a27e7461bb,3
0x83ce2f7d8f87664d2c20e1c84dbbb059c80d7845,1
0x8e22284e79c0591827267734f73e2cd020c8bc45,2
0x26248643022390255837f966ec45d3807f759029,3
0xd9882d9e6dc0e7488deaa5e1e69ce5dfce4c3751,1
0x894fbd3bc4f627487dc725c9aa34bd4b5b214655,4
0xcc61aaafaac195706ccb5e59e48fcbde7afec199,2
0x27b3a7f2fbe6fe901d056d92a221a42a276b707d,4
0x08cf7f84144aa8e2d2c768ee158156519799ae1b,2
0x00a773d56139f90e4b328c356c5063a27d74a4b1,3
0x5b58889678fe7641ba90e90e6a42dc6a0aab7335,4
0xc957739c4166b24eb85e5857f28ebe0cd3817a3d,4
0x29190801aa1234019209ecb43522aec9ae41ffac,1
0xa78e3238a84dce4c0640af44c7b61eee13333321,4
0xc61f9e49bf46f3e4cfa769540c0085eab78edd5c,3
0x1bdf23c9856b8739a3a8d022a1c916b13b1db819,1
0x3bbf8d701f5356ea9d75f7a3892972b27d99ad47,2
0x377da95ac9add07d906a6424cd33e65fbbce54c7,1
0x8e354849649f2d80ef02deb55b57c64b18e3e724,1
0xd9c5d4fb5c7f50afa82315ff982bbcab6ef62443,2
0xe53c0e7aecbd36e8f6b2241771255398fdd61fa0,3
0xdd759c556cb8fa4d8ad72ef4d207759edce6007a,4
0xa5006f0bfa998550fb0df3869cca577bd76fe007,1
0xd4cabf6ae48f682e8cb7ea335dbd2e3597a1deec,3
0x4c6615660c950dba762ed5503e5916e57aaea5ce,1
0x19212e829204fc91243cada318428add2d6602bb,1
0x8aa89c93369f20b7fd2aa9d2c5b64f8f90302862,2
0x27e0112a796df596cf3010cc6741374b173feea8,3
0xae12ae7de7342b43f236c2fcafaacf7901a41a48,3
0x520d705679c6aaf77bf8944bd21cc39ffb106f1b,2
0x88463909a9295cb213c45dbd1be83d7e6a7cfca7,4
0xe459ae0dc31194fa0fd626020a25d9a1cef0047d,2
0xdb256779f72db70611ff9f6e2aa952b407230be6,4
0xd1972b9eb3a625f0f96d56703e1f2f547f740939,3
0x27c7ae91418daeec439e236f469052be9b93b444,2
0x5e130cb7f8cdcfb5a15018ee5846769703ec4478,3
0x30c0518d38a622844457433b3da6cfdd351b8937,3
0x0ad82809168be581d1e708457b4a45b0bb311632,4
0x9f24badf09389dca5e3c5c553f74114c1ccc6ae4,2
0xeca050e047c40d9e721fbf6e40cd00f6254017c3,1
0xd01bf1342a9b01906909334390daa9060b9d710e,1
0x2cb228bb29b892b9d781834afb6fce814847e64e,4
0x6269efb0b36ef32e7e2456be56df0853bdaf72a4,1
0xd6e1b9510d425f7a6ac5f87c409a05d1cefb563c,1
0xaad11a37b820f7981b66a41aaa03c076867f1705,1
0x74c4aed579cd7bd50d503154380feee75c2fe6ca,3
0xa8d4722b49d87bb6d136cc8dfbc85ced1c69a504,3
0xd44853b471f119d27a483add3452382dd56d9d55,1
0x06379f27e5e1102342d29d07f941c26725678139,4
0x4a056ed9fd642812286db2725e712178dba42e0b,3
0xbcc2ee5c2bc8c88b4de839f44ac62cb003e81bca,1
0x8efb87fccec90b884f962ab204677640fb0f9a45,1
0x5a7ad9201eb9b35e68660e3a2fe985860b866b41,3
0x959d02855c06c131d126e2477ca3f5a3db19caab,3
0xc851d28aa741ea7ffdc0abb579888cccee77e5b1,3
0x337d64e8d2d1e7aad566c410bcb21a405620ba4b,1
0x151c1944872fe0e922fa66b24b57e0cc2d7408eb,2
0xf4dfddfaee49d88ea9f7078ad150f79cd3f6c78c,3
0x06379f27e5e1102342d29d07f941c26725678139,3
0x4fac6a41de8a3cec8a3d0ac4d3122efc2e31004c,1
0x04304480ecf8baa0876ce9ccbbbc164b316837c4,1
0xa960463a1f6d2d1f8bdbeb112fd3d1452db13bc5,1
0xa99f2de9256477b61cb29f7e06d2008e47848602,1
0xc22bc4676e93856a6bf7fc4bf49fd2a7cf50f3e1,3
0x9c3e453da0953e65e2892088cb70e329b6821de5,1
0x731bf28f38110f4862bd13c0aebd71587684c8a7,3
0x3d78e553e9514a1dfeb5a6735953d6ed75dcca87,2
0x74c224e438445fdbb1382f71f7a861db9a35e6d5,1
0x39bd97aefb5d77ae82e40071c0682fdf7428e437,4
0xeaa80a8443cf37afa63fd335a6489f9473559509,4
0x72d47acff1f026c030000fdb0b0eb22474caa810,4
0xa218348aeffa9d1870a77be3c666cfa92a6a4fcd,2
0x6290413baceda506501959bd71acb6c759ad83bf,4
0x03b0800d862a3ce40164c7159c7b54a276955039,4
0x15a40e60deb654fc025fd869f2ac213921db9650,3
0x4c49d33c9cd8faf6c3fdfd853f9c782614b8eed2,4
0x1d4e1317d147aec6c28eee3d9abbf6a8b9f8e99c,2
0x914093fa706485f72994df21cba3bacbce2eda94,3
0x8571a8ee69681781ae295c915e227e79158ea9b2,4
0xfec55a57ec78b57d8f79f79ed729af92fef9075b,4
0xfa497b907904ddc735f5059a4ed97275295148c5,4
0xb4ecbb9d116a2b38cee4ede75b0a96746a175efb,4
0x2497ee57f6db6b32a1751da1626b15c6fec80d55,1
0x7a08fe55cf73629a765fe8c0928508a76ce755cc,4
0xaf317dabcf4ebbd76174516ea0623ed689b75d8e,4
0x0119bd8a6f9ba769250a94606633a2f4f3fa6f10,3
0x6c83629ee41222115c19daef5694a9dd8e00ff8d,4
0x07a6d58cac8d98af26508635815ce1e56458c5a2,1
0x555d3a9f7917eb7827d7de41be8320415e8ecdfd,3
0x451248229712d6f207ff9466d8d3a33cb59d103c,2
0x6d904bcc1a7504a56e04f17c79edb02aa896a6a2,2
0x698f64315a3184488f78723768e39252f5ec96dc,1
0x0a74ab4c2c14053917652b62e178f96de0fe6755,4
0xd6f64c02c14ac390bf5f772de6cd590f9412bd1c,1
0x3ead00d7e1b95c5e99f287f04c72f62f2cb67c80,1
0x4a97404ac4932bf9527a68710892786584cd350b,2
0xaf4a6cf25e310e94d662475aa1acf51b86db3dd6,2
0x258e387b44cb28a2429f4bb7937c24a08b0f9998,2
0x4ceaf2a5577457631dc77b8f6f24027d42a248d6,1
0x2938212145e90b579d020511fd2311bb613d251a,2
0x45bdf5543058d67a0ff9a226b72e32771cc51146,4
0x99ec8dc3831f67359a18420449fb028d5dcaa60f,2
0xf69dffa2394739868fd69c3815702ab6b5ce9c28,4
0x125b241a76a3460fb30f88062216daaee192741b,4
0xbb979a57c2cec777a1347a3504e658eb9a42edc1,2
0xac37157fe96f8fe9e34b090d1b6540465e5034aa,2
0x76a588cc12f2e8e18e6c904ed7b63c01f03f2dd2,1
0x62c1f03fbc85226340de869f65601c9925383777,4
0xd293b5c6d5900c30d8866dc5ae724ea90d55c010,4
0xaf06f4b77756ff7440ec5efa96374a965b52f5c4,3
0x493bc0bbe6f35ed53b5019b5a64649ff785c717a,1
0x4fb0c543742b025178c64a4765c120c5c82998da,1
0x8d75f3f744edaa33a7dde73f788f7dd2be127007,1
0x503c862274f4412d972189687bd81071ef8fabc9,2
0xf759bd0b06d8b205e4b05aa43f213637899aa9b9,1
0xe77e4d22ca9a4ddf55eb61b627b6cd25efe3affb,4
0xe459ae0dc31194fa0fd626020a25d9a1cef0047d,1
0x3c3e8812c29f4de45a0c6d12a83a021e2ea66a22,1
0xdf45a640484de46278694ae3110b0e548125cf1c,1
0x409b3f6363b6c35019f68291398413aaeee96c04,4
0xf55cf9479009615eb09c5fc8969db3eb4534339d,2
0x53a7f2bf90778ce80ae26c00c9332a4c644e742e,2
0x0a04362fbdc46b8af04e26246fa07cc636a7790b,4
0xae2445d1352427a089c9e294ac4162c10af4dd15,1
0x7b7d958e3bd36f9b1172d65408551ae2cef6b0f5,2
0x6d18f48e330e536b8aff467c815fe0fa1d16ff57,1
0x09a572f21b4e8d51c3edb6bd509a7abed610ac85,3
0x4f66f66b916142c055da9cca02036aba430a8dce,3
0x0db5e7924d87d2ec27876882e7af911a58050dd1,2
0x0a0a9cda95dbf7b9dcd83b5de4791ac061c46440,3
0x4cee23a86a414086bb3b76632a3b703c5c71a7e6,3
0xbb07f16c0e85de5d3e3215462293d66c54e974ff,1
0x8ed3241432754100a1e1d3e7c9ec260b22c3070f,4
0x45ea846d9ebc7d8e9877c8f8def433d273707c88,3
0x11d1aa9c276d2fab606475496cedfccf476a6967,2
0x901f253fc9fe429a3fbfb8a0a4a7280fb2a78b4b,3
0xfb66aad8138777b702dfeb05ea30d731c7c51bc5,3
0x8575c030887170a49e57e3d51ab67dac81fa155b,2
0xcbb2942037973d54376b61297f77abe461add1ca,4
0xb392de0d2fff66f60ce8a065344271fb3b926b84,2
0x05ac52692bf199f8bad152dffe1e0660e2f10ef7,1
0xb3477f60a24f04f2a1397a6a1b1361d968e89c27,4
0x284802743989be16e448656fe0576c30ea7a09a5,4
0x731bf28f38110f4862bd13c0aebd71587684c8a7,2
0x15ca1852f161d09736e4e21ffd38fd42bc662e3e,2
0x394f5cddf56ad6c218b89ad8026a1119e94bcedd,2
0xf92aae42cb0d6635840ae3ad825283089ac78c67,2
0x1d4e1317d147aec6c28eee3d9abbf6a8b9f8e99c,1
0x50946434946fbb708b3676c583414c7d536b4461,2
0x369163f71590d9cca37433c01fb459f6d8813a42,2
0x0645c14766b189606bef01b8ec0458eb84263fb1,1
0xb8265f3afc0c024dd86004a201707c3f2e1c5f16,3
0xa0b574393d2da912e8d30b3723d82b4bf742ef93,1
0xba6e0cb1c117e5e804c1f4e6f5cc479907f3cf49,1
0x7cef9fae3186f0b6c158f074cfa54a5b77ab030d,3
0x3ce7958e9aada29673d9e090a1d46877b3d56adc,2
0xccb81467b5a83760b68c147536a16bad8b1915c3,4
0x70c73ca8010fb4074a598ddadf90f23c69340379,4
0x4b4c605a56dc288d03da3978fc9b22716e55770e,4
0x60d38778adbbeeac88f741b833cbb9877228eea0,1
0xf35b3c268abeac6965cee050461c50a163be736c,1
0x2679476fe69c2ba8823218f1e19a97be1d7c88d9,1
0xaaf0eb7d49cddbb8d6d516689b9427cf69239c9f,2
0x4f40fef467a8e34525551ab49db6710976acb8a5,1
0x34d8b9e929df121d4d4a22cf6121ae70e34daeae,3
0xbb979a57c2cec777a1347a3504e658eb9a42edc1,4
0x7d8ffdf945f307b867cf4b963d21e8f404ca9390,2
0xd7ea0a16007ea32547a20993202d1ab824f10efe,2
0xcd5ed1559e9d9f39963f451a66a0b742990b1c94,3
0x3385638aeaa0b65427f5dd850fad78f73a6e4235,2
0xea63336ac871755e99c8a23c48ce256042d1d89c,2
0x0e8bd79b5b19e326cef680d18262b43746de1f80,4
0xf4f87b3d06db80c7f28a2082dd9181cc48fd6ff0,1
0x4ae4974f9e680415fb12d295fd326d47e8ac1fec,4
0x630098b792120d38df22ece88378d0676a3ce48c,4
0x2c8affa059e74d8f0a956a63f65a7ad797e29237,4
0x87499e39df2bafb27527baff5c255666a64294b3,4
0xf92aae42cb0d6635840ae3ad825283089ac78c67,4
0xff633a3766f207ca54fef2abf648f1475e643532,2
0x5eda2dc136986fc88d4df5696bc464f96a20268a,2
0x4ed19b66df3eb9eba1d38702028ce4d43c18d161,3
0x4e2419e19a204277b03632517560b73223bde18d,2
0xf180696ec5d5cba6c058cd640b6e829e2838ebac,2
0x428f1d155fdf23ac6eda1592471ca1817d2454ea,3
0xd738e0d74e190b20d5eda6f0f23f65c6d925bf24,1
0x231f04fac730ef1daff9c0baeb26781ca3882026,4
0xcac23f833330f55407b757299c8df94f55003533,1
0xb2c9371e28b51f8b2ea0fd4f1ddcf302dd78ae21,4
0x765e83605b3e6ef0e0495512555b5783cc84974c,1
0x6c4de74f5752960e991d7bf580fde2cfc5e2ca59,4
0xaaf1add5b69c28c24652bfd08ffe266550e22065,4
0x59a8c96a93bdf164195f344029ce3617989f056a,3
0x6c3f68d674abf0a5c1c6b7afe6c9bcc74fd37669,3
0xa25207bb8f8ec2423e2ddf2686a0cd2048352f3e,4
0x9c55a19eef19bc7bd261f7c5a2bbcfb5f4b93f17,2
0xaf06f4b77756ff7440ec5efa96374a965b52f5c4,2
0x4c6615660c950dba762ed5503e5916e57aaea5ce,2
0x05678bc73b1f8863d09e7e19d9f9fd243f702079,2
0x8a0f9b2396603a882ff9b422199e7677150ffd33,2
0x50ab81efb05286c5f929540758db2e15246d903e,3
0x0264a803979bd0b485a6701f1ab17aab3bcd8ff7,2
0x74b9fec04c8698b01ebd10b0cec46f4d853d0555,3
0xe5e90b93f275fe81d10e4a12cc0e3854d2d21c72,2
0xaf7cfff482ffcdee8d2e7e56ef631d2ed1556483,4
0xa127753313320ba499d4cfea9188b0253905a674,2
0x4bc31d7c93dea1ab97fab11f8de41c21e4de57d3,3
0x53042203aea49089f804b5702806d58351eda188,1
0x27e0112a796df596cf3010cc6741374b173feea8,1
0x5885e5b11dfe904669b19646149cb4b6114942c7,2
0x95debeae889d7e005af9b9855333557d93d614c8,4
0x29ae89d44237e6e61a147e56a8aa519323c0cc82,4
0x1daaecfddc0ea8fb5225de39ae9be5142b939b04,3
0x3f35e359c0b216cab96652b29f0ccf4774e86a3c,3
0xdaa0f636d3a1d70d9493d0c8ea71fd45c54e4092,3
0x36ce75631451137cd8a58cc2879cef1040176565,2
0x580a9c2f0f76c3eb38506fbf648d647c7c338549,4
0x62005f74b9386bd9fef2cd48deefbc6de05137cb,2
0xe0e6f1b8d17637731669862a5546b2b434b3b098,2
0xb63645e7d96ed194c6379f2d1e856a8100e4178b,2
0x6fdb68f6b81e945902eb31f2c527978505a5d9b4,1
0xeee6769b5a8cca4eccdecd4d4d3abff8dbfb2ea1,4
0x4d141c08c14ba81f9a43361c1f1bef2d40fa8933,3
0x428f1d155fdf23ac6eda1592471ca1817d2454ea,1
0xd537649fbeb1593cbe18ef7382c1968b5cfeb7a9,2
0xffe10080e156172f5742fdd4a5bf70208b419b98,4
0xb018ac399491b9320a456ad0e696d2032b6badd3,3
0x91a9b4da163a1f248c92dbd262ad3e95e042c87e,3
0x51ad94538605f8e5ca232cdb7adee26046f9e457,2
0xd78aa5944633c5d0590fbbbe3f1cddde63799ad4,3
0x06379f27e5e1102342d29d07f941c26725678139,2
0xfca7abdb5782916d6d2ad7da822d60529d0c7fb6,3
0xaeb3746ca5ce3592c904b2777f2e7b577b64c655,1
0xa3cad1b12d6508e03e77f404bfc87968b68be9a0,4
0x3066df9c62b13ac7159cad161ca66288d8dc9915,2
0x4f639310a05b36f525711fd52afce2770851f988,3
0x0526eca4fc2f1d3884bf4f053623d75bf9a4e6a0,1
0x9be21869873221cac1ba391a630b49d0d07a3e42,4
0x5ba644bfe39bbc1beeeff62649c5000ca49044f5,2
0xec44b704a51c27c63478700a5f90d5da53f93097,3
0x30c0518d38a622844457433b3da6cfdd351b8937,2
0x4b5fa6ee442ee66c3ab02c4f914c802a0a877bd7,4
0xbaa32387bd55553ec806622d524b12bbb8242a19,4
0xbf366f4816659e22c6f27bad31f866023ef39f4b,3
0x9d2ab7e492a782f7e7a6fe39f31b86c4b0d2713a,1
0xfb7e7744ced23c8ca6ec9ee82cace00514b2fd01,3
0xfcf22b67c90cad767e5df5bf27e8a896c2991927,2
0x3f300302aa5a2c4235c2850dd9b4c01ea482ac2a,1
0x79e421c024485ed3e23e264bba8f2b295950b20a,4
0xfe9120637b5123972ad69f65fafddb476860fb81,3
0xda2327763e24270585244bf1cfa76a59034fea9a,2
0x80979a44894c7fa1f7f560778c0336246bb0cd1c,1
0x6d53616466b435f8a4702e3b562ff4c910c150a6,2
0x35fe793cd375b5823b1375e1aa2f323151387beb,1
0x36ce75631451137cd8a58cc2879cef1040176565,1
0x10b05dd4cf5decf597bbd831a3c4bc2f9bf51fb0,1
0xa3839fa0c3bba57bb53fd03a5025c0595f0ba91d,1
0x3ab2aeb6e18a2607fa5f9727c4a1e7bc001c639e,1
0xbd87efbd4b883a969b646045dd9a3661468ecc23,4
0x93d522e003bb5c138f8d5a00fcbb0cde9a1a5283,4
0x17c23316a101ca5f43f83be04ae66b5d279586ad,2
0xbbe91771869f1fc0dd567d2d7c3136ed6ac3f0ee,4
0x341d2f586bf10c2e8dd37ebce2909cf0859e9145,2
0x36d3a4d746fe840e7f1a5da71187a49b862e4bd6,4
0xe7015b3ade617d3ec6bd0e68d99da0e22e90a5fd,4
0xaaf1add5b69c28c24652bfd08ffe266550e22065,1
0x41618d0b538b490347c0cfbd62d4e46eff906187,4
0x7ed2920944537a54ab335b8472e5732e08b086c1,2
0x5d490c4a0b5d12c317e24d5198becfa304f72929,1
0x5e076aeda2afeaeb3dce347792651934d0fc0b02,3
0xd59e7a4ee2c78974ba737884d1928b58967ec023,1
0x6e6abb4a0b481781f38f2c61ad46396791324567,1
0x16906fe850dd6641abf46eaf887b4e8ce0ba9fa1,4
0xcd5ed1559e9d9f39963f451a66a0b742990b1c94,1
0x03b0800d862a3ce40164c7159c7b54a276955039,1
0xdb944a61e675cc1d59f4e2d912769dcde250283b,4
0x53a646e36ce64c816ef32c67d32b534bca55f5f1,2
0xd3280684a8759a276fe5acb5f5d9a23039fa0449,2
0xbd3dcdc738a9f9b7d7a032ca286b5152a8b3d310,1
0xd201805c3fc4def6398384819cb71bd8e2f9f67f,2
0x5d692101636ab33067bace8fb3011eaa6c6c5d75,2
0xacd8c60b697e75323e84ee50193138f17ab53c88,1
0xaf698ccb6eae7c67fc8173ad4881741d19c29d11,3
0xa5f77b263fde281b9dead523658982625aa37477,4
0x682e35f8796a255a4436396ac31575221e881578,2
0x1132c2e3f94be4c0c4d32207ebde7ae6dbef007f,4
0x0de8947c2abd59c201e5ece142bfcd22253bfc0d,4
0x5b78f06123ee99dc8b21d4e1ef51afe08059d5ec,3
0x60ce0db193967ad84ddb75f431d7b476f45c0098,3
0xcafcd62114cfc1d16298a1cfec409bca139c899b,3
0x71ed1ed34474469f09622377801da0a35363d2d7,4
0xac9585d04c212abf654a164df10a9f69c30b2b79,3
0xfe4cdb1617a9ab2524b69c58a2745beae57bb8d5,3
0xd346edad0940d6501cf9f53989bfc591844f9fa2,3
0x33839bbbcd6e3b8833a2d8b1de59aae698b776ff,2
0x664fe01207dc37c84a97a8dcdc28bcc1da6bee57,2
0x4130bd71f9cd2c7df267fbcf5fd0cd9068ba104a,4
0x53551d40666223f74a0cf14fc17636f2804a0945,4
0xb3477f60a24f04f2a1397a6a1b1361d968e89c27,2
0x394f5cddf56ad6c218b89ad8026a1119e94bcedd,1
0x11547a0972728be2b13c98a787665a56d75d77f2,2
0x27db9e57d6ae8e94757e08ff5439ff3f7ae85cda,1
0xa960463a1f6d2d1f8bdbeb112fd3d1452db13bc5,2
0xa49c1e4ee9ebc48ba8fb8166f79d9b628ef64ae6,1
0x17e5a662b373673475c51b6db9d79bd291dce573,1
0x25951612e4a3669b1732b55915e55c73f3585aa5,1
0x0de8947c2abd59c201e5ece142bfcd22253bfc0d,2
0x0075772ee851257bfdd2178ca9b5473aaf0b7bbd,1
0x5993fecb0ff732118e9e609c37e0f550e263598d,4
0x631b40d0ad3fd20315f3c7b7fb09662c97541de7,2
0xaa7bc32290c4f0f3d932582800a654132c5f3933,2
0xb284e990066886b06b6b5035c509ac7569d3c66a,1
0x3f94069c57595c9703be6892ae92cfbcf6819a90,1
0x94c732aae0b82cb594b9c4f61e7a8779003b8773,3
0x5b99e41dc37553a8acd9ba10dd8ef3791464e8f5,2
0xb96d70f059fae89e868fe1334f8afd4a8ae17349,1
0xfd606de939ada8b8bccdfdaa46afd9d4f9bd6124,4
0x64a0315942f264c09e84a84e4c828793d98d1520,4
0xef66070409272e7aba2363d9cd2e7d6cb690b883,3
0x5001243973d82e0136c49662e7af05c6be0aac2c,3
0xd3012b9834058c2c32b5d74f065f4e7a8e596802,3
0x88aeb86e201e9c778e40cfb64b96d9b21c74212a,3
0x28c51dcae80fe86b58e3d00a60606c0168326c4d,1
0xd8e37018265f307e3a4f9dbceaa64e94021e1e7c,1
0x3bb098eee8e8d3ecc1e33e553274870ec92d69d4,4
0x4f639310a05b36f525711fd52afce2770851f988,1
0x0ef1157c36bb691cde1306823de518bd3d4b7994,4
0x6bed82137efd1adc5000b313d76f3bc0b4737167,4
0x8a1c1fdf37ea83dc9f57b15236cad5b4bde61464,2
0xca79eabd69668fde1e75093c7da0ddec4f596b5e,3
0xe77e4d22ca9a4ddf55eb61b627b6cd25efe3affb,2
0x3ad6ba0793615e496ef85043b70bb6d7c58a7854,2
0x1d19da85322c5f14201be546c326e0e6f521b6e6,4
0x8bf60b0207834d52393229d00216695a50e5e885,2
0xc0a8d7c093ecefd6f4aebe97172731c6a5d5fff6,4
0x1965b1a12e83901741a9540d6fc7623a073915ec,2
0x6c23b538be3c027603a312aedd75eefd5494d289,1
0x5c3e42d225eff82324d5d14ae2c2e55d12a92a66,2
0xa77f750ad214ea6705c972de9da1ca30b47fb03a,1
0xd7f397a87d0b308ae01c551553e95d3669506910,2
0xca5863f3ab71a39b0d1b1324042ec3150f249e1a,1
0x1f11c4b204a0f3570f4bfba652b195764bc156af,3
0x7088b2552256e4f45548f556e5963236642b25a1,4
0x5a9e1c0fa76916f1253528db09a6f6f451f4431d,2
0xb3bcf62baedb5a2aaa5b2f59be87ab8c7a802dc2,4
0xe5621eb62ab4b6ceed2617021af183e17d57fd14,1
0xf4f87b3d06db80c7f28a2082dd9181cc48fd6ff0,3
0x60ec8b03ec2616a582818ed5fd8d409372eee180,3
0xe39bc99b80a9efd0f14f82aea1406eee93d456f2,3
0x76b4b723180db67dcebd9d376f6c82d010c350ca,3
0xf3cd7261f2515c815d2bc0bc509ff38e45e05d6d,2
0x630098b792120d38df22ece88378d0676a3ce48c,1
0xc61f9e49bf46f3e4cfa769540c0085eab78edd5c,1
0x452832b30d507c37cfc0f0cca82ef0384b2e8aee,2
0x374534de1dfd0b0f965600d887f452f7035ea08b,3
0x7806fff67c11aaf838e8f7c173bd2414db1c67c2,1
0xb4f5fd6f698f939a172abe5cc5972a4d3af0845d,3
0x36fb91d4b828b62c15924e69f873b70a9ac8430d,1
0x71535aae1b6c0c51db317b54d5eee72d1ab843c1,1
0x73538c91eff3476c721439eed9c8b4fc239dab9d,2
0xa235ac2bb04500d5f36e6f51b33f2bbb2c0abf62,2
0x1c97f3191c3b4bb48d03d672c03da254ce23cfd1,1
0x70c73ca8010fb4074a598ddadf90f23c69340379,1
0x57b2cf4c23670052cd787831fd85798cd34b29cc,2
0x57b2cf4c23670052cd787831fd85798cd34b29cc,1
0x5eac09dc8987309f53e72a761ea60b448f3224dd,4
0x795e67cea58a6191187a9c92d9a58bb37bcc116f,4
0x87e36d880d04e87e910bc596840cb6d98f4a828b,4
0x50cec0c31fd0faae139e42a16e72cfbe11d87032,4
0x95d0a55b2a9e5a9a5625c832db664d05e0a402f1,4
0x26f9d36d03f0f7efcdd734566d5247f71935be4a,1
0xb1f9a358003ae5145805e936db3af3c22368e324,3
0x3be5ff91feabb60d4a4a741d0414837e27afd4d5,3
0xf46c3c1fe0f39d072cec647fe77ad379386e919d,1
0x58024b6c1005de40eac2d4c06bc947ebf2a302af,3
0x8d607ee98f5be22344b093affa938f2f02208962,2
0x92f93fadcacb86f6bd163a87a0944341b838cc62,4
0x520d705679c6aaf77bf8944bd21cc39ffb106f1b,4
0xf95ac561d50c54fa6fe2ca508fd615aab7ea0cdd,2
0x1fa924e014ea18051f7c28aa43b68dfe1f552f6b,1
0xc2502a2410ba5878aa11b5bc032be4bc6c8dca24,4
0xaa251b2106a4a73d78bb3d6c7ae189aff7733ba4,2
0x8565f8cbb942abf528e83f4f37cf57567706e895,4
0x7e661089c4aa6cdfd2c0adf3f752c87765a38f0e,2
0x00d90934b7fa7cb8913ff3f2761052285ba89bef,3
0xa2a76515fe779badd0ba5db3f62c51c14d2a70b8,4
0x12f4b6bdd718326294fa171605b4cac8554ea38d,3
0x264d98a66d175a0f842dea9061ebb45d88e8fe19,1
0xaf06f4b77756ff7440ec5efa96374a965b52f5c4,4
0x4cec10a99db12e55f990980d6c02fa3839a1221d,3
0x7cd7a5a66d3cd2f13559d7f8a052fa6014e07d35,2
0x901f253fc9fe429a3fbfb8a0a4a7280fb2a78b4b,2
0xd738e0d74e190b20d5eda6f0f23f65c6d925bf24,3
0x9487bf974fe9663081ef847e678fcc6ba04f6b8d,3
0x19fbad9480aaf449aea5343b5bbca864a3124d4f,1
0xeb92f0f58b218ad22a22741d5aa5bb7250e70045,4
0xd4cabf6ae48f682e8cb7ea335dbd2e3597a1deec,4
0xfb2d9de46459591c40ccf71064edc1c50cfe3111,3
0x33480f7fe53f7c105b3a0fbffc3f6a966bfc8aa5,1
0x0724c22ebe7a6784cbebd828e8f97427aafb70c6,4
0x3c4a7b70aa57f6f2d6872ba0f51e9f7eaef8b5ea,3
0x8c5d253cfa35d936e6d9e9c288a86c3bfe923a05,1
0x7dbc51725a1b267e7d2d29ca8cc392fafa517e87,3
0xc9ad6cb7b2cd3b85e5099ffdf69eeb592d31a867,2
0xa1d7d0eb2b768341dea5f0e85ad0db737b13f359,4
0x3ab8f7e76328c8822122bfed669165a1669a0964,2
0x93f619e8f25df20b047ce579a3bb062e4754428b,2
0xd7d1ae4e0ba809f25ad3b3ccdf6f5a2bfc59d688,3
0x4aa856230692dc6b8cb9f5afc90593dbcf5a09c7,2
0x555d3a9f7917eb7827d7de41be8320415e8ecdfd,2
0xa9e4b57036cf96207a517722e7213ca48dd8edf5,3
0x63daf324edbc4e996c945ef3e848eb93eaa8a147,1
0xf69dffa2394739868fd69c3815702ab6b5ce9c28,2
0x5a29e34aa3f7c4f32e23172d4a7d7b25965d54a6,1
0xb4b4f7ec2d0ade9726e7ebd0b5e4441e7092f799,3
0xb78da930736f2d3d1888d48d52eb0bbfcaa5c3a3,2
0xd94f45a868d90bbd2f569417e8d8c12103fac5e7,1
0xc10f61c32353558d7b5c3d74ef013bc245a9c29c,4
0x62d63b2df6f372ef823d941b089b524609795548,4
0xc289f460da0dd194c65ae69a4ac5fc4a78bc7272,4
0x65fa63ac846505ab733c19218b80e5a0881e0877,4
0xb3965d41501494b037903012a2393573bc01a8b0,2
0x8d66f28f2a4d9e4dfb4accf9192391daa3409308,2
0x2f854fff050b52d4b6311723e441d5d24430b868,4
0xe4529da64470340be1029e2d4c80ab406f7a264c,1
0x971c58ca1fbf536d5f3b462767cd0829b0e26139,2
0xe6d70fd36e2437f40518db90d151a52c52d7a9cf,1
0x53a7f2bf90778ce80ae26c00c9332a4c644e742e,1
0x498851c01dd747c4945dec3d23d1e47eb2c5edfc,1
0x9a91d49f57af0d9471c275150c5b19455c198ec2,4
0x1556e741180b1adf8acf93bdc868c2fd20e75e61,3
0x31b66a640723162c0f0cc82644e5acdd5f16a8dd,1
0x85c2a4b851a3a83da87a7bd46f4ca64e207d7e36,4
0x06379f27e5e1102342d29d07f941c26725678139,1
0x8cf9bbe59996c066c42f2497eb84e56da0215eed,3
0x842256dac412a0865ac21f9fc6500492d09e0e94,2
0x0fdfd8dd8f32390de94fd8500b662de69cd9ae73,1
0xd0c353cc5a3c31dc637235b2fe5ddada5ef28ea6,1
0xf997ec91612fac111ffb2a3bbafdcb7d5387db03,4
0x10748fe4c85ad30e7b4f43dd872536de77484e2e,1
0xcc61aaafaac195706ccb5e59e48fcbde7afec199,3
0xc54570b8eb8138ace95132b944b7b6bb391976dc,4
0x4d5d947981226778c9deeee8644c069c6cc4babc,3
0x962f1d02970512ad54200d29010e5565212a76f3,1
0xeb53c0d437df717f462f5f05fcc8e94b381fcb31,1
0xe685dac8d451e8b50bf20705e9ea2c737e17b13a,1
0x66cfb37fef4a9744319406fbfb95c2909f8a1696,1
0x827ef6a67cf8607c126ef66b77d6644491eddd90,2
0xcde91cdba80c5727756a002c337f8237b10a26b3,4
0xa144f9cd703263e2127666db57179cfded818129,1
0x56d8216b0fd2cdf9741b25f38606c19105679c12,4
0xf4dfddfaee49d88ea9f7078ad150f79cd3f6c78c,1
0x7c27e27f01a50625b9d9daca55762c68a0581f6e,1
0x3bbf8d701f5356ea9d75f7a3892972b27d99ad47,1
0xa5125a3a481952ce368d35b62bf9963a96637bdb,4
0xf6b6f07862a02c85628b3a9688beae07fea9c863,3
0x08b4b4dea477b8fb192db2040eaa7408c276335c,3
0xa64df8f9bae5e6422ef387170bed325171576587,1
0x376f8f0cb31e4ec5626d91c19c01a9f98d121117,2
0x97b39b89cac12c8cd194fd6849d233756a67dc46,4
0xc36549c2c5c33a0947829bc9de305acae41be3d8,2
0xa9ee039208f214d8ffdd6a8b4e14f9a56fd77e0b,3
0xf92aae42cb0d6635840ae3ad825283089ac78c67,1
0x06454b31e7a1861765b08d7ed579e603b5b97caa,1
0xb081e87cd068aabad9b9cd3946910c970a4d4688,2
0x69a13a6e45ebba1e5309fb9cb15894c77b7413e1,3
0xc54570b8eb8138ace95132b944b7b6bb391976dc,1
0x1556e741180b1adf8acf93bdc868c2fd20e75e61,1
0x3b9bf2738c4818e0d0a32afeb86a57dd8ee75bf4,1
0xa098f988a944beac1f954c2edd6a9b439c1ce25b,3
0x9ecec9045ea0b034ca38f4b26632dfa0053ee92d,2
0xbefa1156fb87b82c5a1231cb005097ce680cc74d,3
0xf998c7c1af3c58efa6900b13469fc187b9db0cab,3
0x09a572f21b4e8d51c3edb6bd509a7abed610ac85,4
0x49d11a5af995ca35c0d96f4e900a21f858e573b9,1
0x5584f0901a13b65a92dfe4d80242e242ad204d76,2
0xb27d058c8c64e0fc6dfaf4860d271d51b27a5f88,3
0x706ddbd813b12dafdd9de81cfc715a11a119741e,4
0x7b9aa2472a6fefd1380b457951b078a4f6ee1b3b,2
0xe4529da64470340be1029e2d4c80ab406f7a264c,2
0x344a81c457ce524e348f017c2b65bd53b3542807,2
0x69bde2470a59ae5e14a38d2d2066ad8969e6e7d5,3
0x827ef6a67cf8607c126ef66b77d6644491eddd90,3
0x46813775296d3b48344d3bfc5d00da7733e58d86,2
0xa99f2de9256477b61cb29f7e06d2008e47848602,3
0x7b839d5cfaa239e828004e0963cbdc055969224c,2
0xcdf75c4afe8911730a0b6671b933cad9e25f466f,2
0xb69716b81966dd4ecef47d766870617aa1fe0aa5,2
0x8788dbb58875e4a093eb3294ba3554d13f030776,3
0xb294ce56b0b12d0f32d61dca52bd39dae74e1156,3
0xd6454f3fc21d430d8381bcb1c34ce4d417b59d6b,2
0xd86a1bd715a666c0ea4c7244994777476443f9c8,2
0x1cfd39c42f97d48e19eec4f0b2402265f96b04a6,4
0x4cee23a86a414086bb3b76632a3b703c5c71a7e6,4
0xe0b8c5e49d384ca396e8471feb57a7d72e9f80c4,3
0x940a310cfa17faafda6690b0eb75f0da819b12d4,1
0xa573b5e3dcb1a4e173b916e47daf826e2a8ed4aa,1
0x9fb6ac0b048a52fa5737988df4bd73d392376e98,2
0x3df6c5d04c01f0d16c0eb1535252e93bde7df4c0,1
0x4f49d938c3ad2437c52eb314f9bd7bdb7fa58da9,2
0x56eb95e67b84ac62d79612ca796e1f5dd6e67c83,4
0x3d3ac4ca86e5e8304acea9c202fda747cdec45bb,2
0xfd6b31a985ace46c2f93a5bf877ed0665ade6737,4
0xf279ad43c9c7af7726c86e0641b3b17fbb413d6d,3
0x75fcefb06c6295c415ab263894d062a83c812ee0,4
0x89385bdba3f22e9e5a76144579c7a22d97e17864,1
0x8aa89c93369f20b7fd2aa9d2c5b64f8f90302862,1
0x48bdcb4f26a7ba556c152e4dbc447e6dee710093,1
0xba876e549a95a5a277bbadb0c62124c1a61e8b5a,1
0xf46c3c1fe0f39d072cec647fe77ad379386e919d,3
0xfd73a9da17533137ca8f0f0b9b91cacb63bff7b0,3
0x2ae9c12d8356f11d1be6c4e91fe64c10783d42e5,2
0x7d4c353fab1869f352c54aebc8cee507980b3101,3
0xaad11a37b820f7981b66a41aaa03c076867f1705,3
0x9eb0f7d9827653ad87851764ffa44015985fd1df,4
0xe7d4a399ccc1e40b87233f6e67af02b69566ed67,3
0x18a9ecc3863b20a3f19c02518a58e38a9b461766,3
0x3b661594817a8b4f265d402185a221d6c4fa057f,3
0x8965e96a7d017625037acfc2eecea022766f95c8,2
0x19fbad9480aaf449aea5343b5bbca864a3124d4f,4
0x41408d85a920752fbdbe4bbc82f5714d59d9e09b,4
0xd5bae19d7918e5a9fa321b824ff5b5094bc06ecf,2
0xd56ee5ba5a52e15f309108bdd6247c69b4f624c2,1
0x1fb933bd52d4b78e3597cf854c37d273740bb5d4,2
0x612685a575bce1282235d92beaba1ce42e0d8839,1
0xceb41227eca7b545e5e2ab589cbf4913cf58bace,3
0x9b53d3a1e39f8c1eb4d7764e9c15abee4ca262e6,1
0x8c5d253cfa35d936e6d9e9c288a86c3bfe923a05,4
0x5f350bf5fee8e254d6077f8661e9c7b83a30364e,4
0x4260e8206c58cd0530d9a5cff55b77d6165c7bcd,1
0x3ead00d7e1b95c5e99f287f04c72f62f2cb67c80,4
0xc3473172c4cf2f2118dc4a10f8e23f60a3078980,3
0xd939c13347cff006f92b1c23b2de6aa5078dfad8,4
0x80b2febf242412d231ec9cd4db84a51aa23dbd46,2
0xa6154bd973719da860d89a58f27241adda0b38c1,1
0x7c5cdaca00e3bf07bca714c064ae67b6a3540f7c,2
0x607560f88d447b8f4bddbaa5e4c8054c429a335b,4
0x19e15a9fe6b97f5e01c697a53fe124d9151c96e4,4
0x6449de54c19ad94721d246ec5ccc0f38bbb65fcc,3
0xae8e8fb43604440c6865dc076eb0a66429269bbe,1
0x7ac9c9135de57041095103d2aa8b5be31b9aa415,1
0x675479932fd697e334634c11cc4d15e61e442943,2
0x0519f87e6c6118cbe3c227204b797153f4b80a02,4
0x376d8c695764d5c675d08ac070d14ebcf9fd7577,2
0x5a29e34aa3f7c4f32e23172d4a7d7b25965d54a6,4
0x76e059c6ff6bf9fffd5f33afdf4ab2fd511c9df4,3
0x5f1ce5c55f7d0f19e546cb6d742e73bb4ff8b3c8,4
0x44d7a0bb71031d189498b81ef83d1607428cc310,1
0xf35b3c268abeac6965cee050461c50a163be736c,3
0x503c862274f4412d972189687bd81071ef8fabc9,1
0x7cf93787f1a7b05f3583d963da319d2052f99480,3
0xf814c05dd308e04145f301dfb96ff9faca72e29a,4
0xcac59f91e4536bc0e79ab816a5cd54e89f10433c,3
0x304dd164b76cfe8185d10d37aaab4282b0d6222b,3
0xf72ec7bfb2aa9170859d5e759943a96d30fce15e,4
0xbe22d25dd21919fcfccce295abe9464e9340ec6f,3
0xab60a3588f30589914c81a83e2c48d03fef1537a,2
0x52c0e2b66ee82ea1c4dcf66f37fb69926ce864ca,1
0xfe3d2ddc6b3e7796946bdefb153ba3176088e41f,4
0xe685dac8d451e8b50bf20705e9ea2c737e17b13a,2
0x748db5c9952f47081f081768b3d92d4dd1e5ad33,4
0xb63645e7d96ed194c6379f2d1e856a8100e4178b,1
0x3af2f409482b506e95ceb6ce39118dc6cd6557b4,2
0x4d4bc044b1e4663fc2de7017e03b63b55bf8694d,2
0x49703f538d8e26474ea678eb19e3f257defb9950,3
0x39bd97aefb5d77ae82e40071c0682fdf7428e437,2
0xd59e7a4ee2c78974ba737884d1928b58967ec023,3
0x6e44b2a641e417540f9ce4cb625640db9ada2838,1
0x2ace737c4e7ea9d27e2c9ff8f10c45b87855b20d,2
0x0968da2f4aa8351396ccd1106af5c1d8ad2d3151,1
0x2208d210a9dde72ff1cd84e85fdeadbcb6bd313f,2
0x401f1eb038dbb2d83232f2db7da1b7645adf073b,3
0xaaf1add5b69c28c24652bfd08ffe266550e22065,3
0xa5006f0bfa998550fb0df3869cca577bd76fe007,3
0xd731a5e3c3f779bc35da2f76fa7146ef0d7d759c,3
0xbc72255a3dec6641e230fa798d979d8b412e7057,1
0xb081e87cd068aabad9b9cd3946910c970a4d4688,1
0xf9d410d5a98412dea1bb8a7f46b9865c044a9b4c,3
0x31b66a640723162c0f0cc82644e5acdd5f16a8dd,2
0xf1a88ad58965cf671fb943842b1761f84bbbf57b,2
0x5c7b16f0a53a6b1ff895a07d832e933dcefe8c39,1
0x66421e50d6821596a17ce87692b072f7963cbff2,4
0x4f46b89cf689e79608fef1533ed22722ee54eb8e,1
0xb7b8d30e12bc60c6c7ab96e2cec689f9c0ff1f30,2
0x80039dc3d5bb48ec4bd822c4e8828574fdcc51a6,4
0x0e2aa584c8b06012093cee34c989e59f13d976ec,4
0x2acabe24b924e85cc4d03a01e58cd5e057792a6f,4
0xf67b60569f09601ddb37948564378b2689efe71c,4
0xc39cef6472c2d702abb0f383ce78a79f122a6621,4
0xeb1a4f3005792ecb6cd170708a2edb05888e05cb,1
0x1965b1a12e83901741a9540d6fc7623a073915ec,1
0xc9e6418817e98a3cb9aa2fc4fe10aae7e1e99591,4
0xc40eab956e48555270de96f26aca138fe08a6a1a,2
0xdaca0ca6e081ad74e473ac94b87e1ae18d8ee833,2
0x53551d40666223f74a0cf14fc17636f2804a0945,3
0xc87717503bc9a1d7a06876cee04aa03872c69707,1
0x5a8b124f59d8ad29e4e3713eb3eddb2afa5868ed,3
0x964167209c71a0d45d89469c118213884c232054,2
0xb4b15741a2152d1c8135bd947996b613a8cb584b,2
0x8565f8cbb942abf528e83f4f37cf57567706e895,3
0x251eb912e76c3634f65ea50a1c7b0db463d24b5b,3
0xaa2e742c4aae3c092bab731fa0dcd288dc2c0549,2
0xf998c7c1af3c58efa6900b13469fc187b9db0cab,2
0x755a3e44d055f13e7c430c6774401db8f630579d,2
0x633312037d26427bee53fe9ba96872491e508b59,1
0xf69dffa2394739868fd69c3815702ab6b5ce9c28,1
0x364a5e1dca721304f079932baf879ffbf1d81feb,2
0xfec72a9cd1e043fd2c1f2cdfa48706b8b941ff1a,1
0xfa88c88f68fc7a66ccd512a34f7686fded60caf4,3
0xf690ed0baa0879ebc3fd094b95eef85a4237a30e,1
0x0b461468951c17801fc368c2343c3872a2e39117,2
0x6a13b7f1ec6e94ce5d77563ce12702da8e4e84b8,3
0xca6fdc7e703adcc7f6d101e56725a6ad9afcf0b6,3
0x74c224e438445fdbb1382f71f7a861db9a35e6d5,2
0xd532d562ceb2e708d1a1342da02ba6b9cd0546d9,4
0xf7f08751dafad4a8819c549c54a5471e403d1352,4
0x6d8bbbfb01c33603920546ea470da8a7aefea267,1
0xf86e25ef07c599a6b6c9e376ee12e000a42c2f13,2
0x3c595560cc949ca02d858c342ff39919fa448cf3,2
0xaad11a37b820f7981b66a41aaa03c076867f1705,4
0x9c62f03ecb92ba1fdef2660f91a70762af7e8e9e,2
0x99bc02c239025e431d5741cc1dba8ce77fc51ce3,3
0x864b7682fc58877025707f3d8979ab822b28856f,4
0xab60a3588f30589914c81a83e2c48d03fef1537a,4
0x1730cbb12f7bb8e52646cd6815022daa095baf10,1
0x840fb996d57dc7a65aeccb6b1198369261fd45f3,4
0x942d6db00798741061c3cb9b2acf864391b54fb7,4
0x6e2e777e16e1be1874357ab8b60705095047296d,3
0xf998c7c1af3c58efa6900b13469fc187b9db0cab,1
0xce053448ecc244b0db6ac771c6d3a66abdba4d43,2
0x4c2f62d6f34388a8d134907fea723e7ed902fe22,2
0xd7ea0a16007ea32547a20993202d1ab824f10efe,1
0xc5677a735af055f859668fc299d1cc82fae53385,4
0xdb452fb1bc99cfb37c41d9a6f1600a6ec3445717,1
0x8999938863f37c05c4ebb1752ab9987aa565b3fd,3
0x46290baf7f951774a74c027a5eff167cc1f67156,1
0x1ad100a610219a3e6341febfedc7f9ce93f8d6de,4
0xa25207bb8f8ec2423e2ddf2686a0cd2048352f3e,2
0x52b94e0f1074b72915dd327ac6ad9d99aa5ae69a,1
0x1cc51728ebf648be19e68da59a3e5a6bd17b1f08,3
0x9c55a19eef19bc7bd261f7c5a2bbcfb5f4b93f17,4
0xa52126809c92a62ba2f2966b5d8ce695a802da5e,3
0x1967513329b78bafa20543174a48e67b704f8639,3
0xaee2f40fe0568bd859bc6a518c7ef3252fdc9bf0,1
0x2bfb87253a3d0ba7c036a1289db04201cdb3bb90,1
0x7ac9c9135de57041095103d2aa8b5be31b9aa415,2
