0x0075772Ee851257BfdD2178ca9b5473aaf0B7BBd,1
0x008bA48B1c005edbc76d75C7143c868576F1FbbF,4
0x00a773d56139f90e4b328C356c5063a27d74A4b1,1
0x00a773d56139f90e4b328C356c5063a27d74A4b1,3
0x00CCDa632b5829F34a268617813a3cd02FBcAc9F,2
0x00D90934b7Fa7cb8913fF3f2761052285Ba89Bef,3
0x00EC41E597074Aab4D79b1574CeeC89aDd35daC8,2
0x00F1Bc0116dcf2a09a5617778fA83037954c4672,2
0x011718c80656e92255f56bb40929351b185f0f8a,2
0x0117b6f415be6cefc95a343b24cbb69bffc03441,3
0x0119bd8a6f9BA769250a94606633A2f4f3fa6F10,3
0x0264A803979bd0b485A6701F1AB17aAb3Bcd8Ff7,2
0x02C545e7E16afbBe405FaD98a8a5a9a9fEeCe114,3
0x02Dd5A5F343Efe91a1156C4c6E21b89A028003ad,1
0x035963d822268ef3285a152d4Cf690E5280192C3,3
0x03709Efa5322D629c6543522202aeF525140EF9B,4
0x03b0800d862A3CE40164c7159c7b54a276955039,1
0x03b0800d862A3CE40164c7159c7b54a276955039,4
0x04054E314dc997aA673846F771788993bb5200f6,4
0x04304480ECF8bAA0876Ce9CCBBbc164b316837c4,1
0x04304480ECF8bAA0876Ce9CCBBbc164b316837c4,2
0x046d515d01Ea0d199F71C9faa487db92cB76E244,1
0x0519F87E6C6118CBe3c227204B797153f4B80a02,4
0x051C50394dC24BFf4348d02C6154F42940E3A074,1
0x0526eCA4FC2F1d3884bF4f053623D75Bf9a4E6a0,1
0x05678bC73B1F8863D09e7e19D9F9fd243f702079,2
0x05678bC73B1F8863D09e7e19D9F9fd243f702079,4
0x05A5c73CfEA235bb82b6B6C203cb7871fA0fb22c,2
0x05AC52692Bf199F8bad152dFfe1E0660E2f10Ef7,2
0x05AC52692Bf199F8bad152dFfe1E0660E2f10Ef7,3
0x05AC52692Bf199F8bad152dFfe1E0660E2f10Ef7,1
0x06379F27E5E1102342d29D07f941C26725678139,1
0x06379F27E5E1102342d29D07f941C26725678139,2
0x06379F27E5E1102342d29D07f941C26725678139,3
0x06379F27E5E1102342d29D07f941C26725678139,4
0x063fD26d4B3a91786A9E74DE2419AA9e2AD13f18,1
0x06454B31E7A1861765B08d7eD579e603B5b97CAa,1
0x0645c14766b189606BEF01b8eC0458eb84263FB1,1
0x0645c14766b189606BEF01b8eC0458eb84263FB1,2
0x0724C22ebE7a6784CBeBd828E8f97427aAFB70c6,4
0x0751633a5F55cbB26cC6ABB6b39648b12Ebe70C6,2
0x0751633a5F55cbB26cC6ABB6b39648b12Ebe70C6,4
0x07A6D58Cac8d98Af26508635815CE1E56458C5a2,1
0x07A6D58Cac8d98Af26508635815CE1E56458C5a2,2
0x07A6D58Cac8d98Af26508635815CE1E56458C5a2,1
0x07A6D58Cac8d98Af26508635815CE1E56458C5a2,2
0x08177C226397A2f90F3b699dB7BC22Ef751BC51F,3
0x08813872A4e0C7c67d09E5D4E878C5bFD475c648,3
0x08a0620984149547ec4b9289fF4Ac807DF42E3E3,2
0x08a0620984149547ec4b9289fF4Ac807DF42E3E3,4
0x08B4B4DEA477b8FB192DB2040Eaa7408c276335C,3
0x08Cf7F84144aA8e2D2C768eE158156519799aE1b,2
0x09548024094e55a4bB4bC88a6D03f96147F7CFDc,1
0x09548024094e55a4bB4bC88a6D03f96147F7CFDc,1
0x09548024094e55a4bB4bC88a6D03f96147F7CFDc,3
0x096339C333E7369E96abAa72f0f031bEe8884967,3
0x0968DA2f4Aa8351396CcD1106AF5C1d8aD2d3151,1
0x09a572f21b4e8D51C3Edb6BD509A7aBeD610Ac85,3
0x09a572f21b4e8D51C3Edb6BD509A7aBeD610Ac85,4
0x0a04362fbdc46b8af04e26246fa07cc636a7790b,3
0x0a04362fbdc46b8af04e26246fa07cc636a7790b,3
0x0a04362fbdc46b8af04e26246fa07cc636a7790b,4
0x0A0A9Cda95dBF7b9dcd83b5De4791AC061c46440,3
0x0a4b719bBa91774ca1f58c66DE4AbA4cC780d327,1
0x0a4b719bBa91774ca1f58c66DE4AbA4cC780d327,2
0x0A5aBC4eEF196994abb9cd34fa8FE9229Ce53e4f,2
0x0a74AB4C2c14053917652B62E178F96de0fe6755,4
0x0aCe7F4e48bec01FFaC4a8Cb5D9B5a2BF77ACc3d,3
0x0aCe7F4e48bec01FFaC4a8Cb5D9B5a2BF77ACc3d,4
0x0Ad82809168Be581d1e708457B4a45b0bB311632,2
0x0Ad82809168Be581d1e708457B4a45b0bB311632,1
0x0Ad82809168Be581d1e708457B4a45b0bB311632,4
0x0b461468951C17801Fc368c2343C3872A2e39117,1
0x0b461468951C17801Fc368c2343C3872A2e39117,2
0x0C6176e31E486D9c73C85883D71B466E847A92de,3
0x0c9e25F360807DA04549a69baEC94c9fda1D41a7,3
0x0D2bF8e3D505Ac813F10316803a9Db1fEd3F71cC,2
0x0Db5E7924d87d2EC27876882E7af911A58050Dd1,2
0x0Db5E7924d87d2EC27876882E7af911A58050Dd1,4
0x0De8947c2ABd59C201e5EcE142bFCd22253BFC0d,2
0x0De8947c2ABd59C201e5EcE142bFCd22253BFC0d,2
0x0De8947c2ABd59C201e5EcE142bFCd22253BFC0d,4
0x0De9bF9d88a84E72414af2417482d922a6484835,2
0x0e2AA584C8b06012093CEE34c989e59F13d976ec,4
0x0e8bD79b5b19E326CEF680d18262b43746De1f80,2
0x0e8bD79b5b19E326CEF680d18262b43746De1f80,4
0x0ea4c2D2BE55a2aa17ccdDe04970D9EF7DA29f85,1
0x0ef1157C36bB691cdE1306823De518Bd3d4B7994,4
0x0F72C3150d948B5020e4ef5f701aC818262b3077,4
0x0FdfD8dd8F32390DE94fD8500b662De69CD9aE73,1
0x10748fe4c85ad30e7b4f43dd872536de77484e2e,1
0x10B05DD4cf5dECF597bBd831A3C4BC2f9Bf51Fb0,1
0x10F546a6F4d20d91e5a8506124384759C9F4bC79,1
0x112af92409B81bD996cD3Aa6D33d366e19230FeA,4
0x112af92409B81bD996cD3Aa6D33d366e19230FeA,3
0x112af92409B81bD996cD3Aa6D33d366e19230FeA,2
0x112af92409B81bD996cD3Aa6D33d366e19230FeA,1
0x1132c2E3F94Be4C0C4d32207EBDe7Ae6DBeF007f,4
0x1133d9434b1890b826d81d13234984f8fEd5DE87,4
0x1133d9434b1890b826d81d13234984f8fEd5DE87,1
0x114558d984bb24FDDa0CD279Ffd5F073F2d44F49,4
0x11547a0972728be2B13C98a787665a56d75D77F2,1
0x11547a0972728be2B13C98a787665a56d75D77F2,2
0x11547a0972728be2B13C98a787665a56d75D77F2,3
0x115693E5fB0219057400B3047CC42C5d9aE1A484,2
0x115693E5fB0219057400B3047CC42C5d9aE1A484,3
0x117c56c7d2064f39c15Dc0df700F8c54b8c191D5,2
0x117c56c7d2064f39c15Dc0df700F8c54b8c191D5,3
0x1184425d6Aa202dB21B13e92791EacB7E9F4dC35,1
0x11c516d334457B11e78f67B38b7d69eFF12CD52B,3
0x11D1aa9C276D2FaB606475496CEDFCCF476A6967,1
0x11D1aa9C276D2FaB606475496CEDFCCF476A6967,2
0x125B241a76A3460Fb30f88062216daAEe192741B,4
0x12F4B6bdd718326294FA171605B4CAC8554ea38D,2
0x12F4B6bdd718326294FA171605B4CAC8554ea38D,3
0x1313ABFB7F89bbdDFd9BCC150dCdAFE60e227fC7,3
0x134CA4fee2a9B53007e1cDc811c8c06Fa05cf4dD,2
0x13667F3D79fC20A5d5AdF60362693f5A9a2A43f4,4
0x136DcC7BAFF0C6eeC99f1Ca4895eCa910518FB42,4
0x136DcC7BAFF0C6eeC99f1Ca4895eCa910518FB42,2
0x13a0b979089d609F54C1598cBd57954f9eB11FfB,3
0x13F511E16640503986d531631EF54f3B0F7Af266,1
0x14A3d8A42a150ED30659E7A055bfC1fA9b360044,3
0x14c20e0caA6FdEB9f5BD3B154B8630260e22fF41,2
0x151c1944872fE0e922fA66B24B57e0cc2D7408eb,2
0x1556E741180b1Adf8Acf93BDC868C2Fd20E75e61,1
0x1556E741180b1Adf8Acf93BDC868C2Fd20E75e61,1
0x1556E741180b1Adf8Acf93BDC868C2Fd20E75e61,3
0x157Acd302208B03f82A76874B249A4C49F89e70b,2
0x15a40e60deb654fc025fd869f2ac213921db9650,3
0x15ca1852F161d09736e4e21Ffd38fd42Bc662E3e,2
0x15ca1852F161d09736e4e21Ffd38fd42Bc662E3e,4
0x168e93B88f7B13887955CBB80Ee1BFf777805450,2
0x16906fe850Dd6641AbF46Eaf887b4e8cE0bA9Fa1,4
0x170789528A4B2e035fB1D0b4867475Aa8c7466C0,3
0x170789528A4B2e035fB1D0b4867475Aa8c7466C0,4
0x1714006e44d81bd562174A0544466C325b31aA8D,2
0x1730Cbb12F7bB8E52646cD6815022daa095baF10,1
0x1730Cbb12F7bB8E52646cD6815022daa095baF10,2
0x1730Cbb12F7bB8E52646cD6815022daa095baF10,3
0x17338e66DE634913546f0ca09c4183e762e9696F,2
0x176B8c8DD7657A011fcAc694364e69cF011980e9,1
0x176B8c8DD7657A011fcAc694364e69cF011980e9,3
0x17C23316a101Ca5F43F83Be04aE66B5d279586Ad,2
0x17C356fC6b70F9f5CA99652c8360e3657334DDf2,2
0x17E5a662B373673475C51b6DB9d79Bd291dcE573,1
0x1857034Ef7c022C4373370fF5211bE3da7Ea27c1,4
0x18a9ECC3863b20a3F19c02518a58E38a9B461766,3
0x18d6ad7BAb3e45126a6802e209038C329D89F480,3
0x19212E829204fC91243CaDA318428aDD2d6602Bb,1
0x193d33972Ce575E76700A486A2a9fC7425Cc7478,2
0x1965b1a12E83901741A9540d6Fc7623a073915eC,1
0x1965b1a12E83901741A9540d6Fc7623a073915eC,2
0x1965b1a12E83901741A9540d6Fc7623a073915eC,3
0x1967513329B78BaFA20543174a48E67b704F8639,2
0x1967513329B78BaFA20543174a48E67b704F8639,3
0x197f1FE1aD2F422f21DBa58875adbDFdC5285C38,3
0x19d31095A8551AF376C20950b7208fB4c23f74E9,1
0x19e15a9fe6b97f5e01c697a53fe124d9151c96e4,4
0x19fBAd9480aAf449Aea5343B5bbCa864A3124d4f,1
0x19fBAd9480aAf449Aea5343B5bbCa864A3124d4f,4
0x1aC8Dfaa7857844e2a52AceC60BA05EB1863A7Ea,3
0x1ad100a610219a3e6341febfedc7f9ce93f8d6de,4
0x1B9Dba9C36724F25fb57aE62aDCD5d3d01DFec93,4
0x1bA3af6dF14Be3222638cF3adAFF54A2A2d29fe2,2
0x1bA3af6dF14Be3222638cF3adAFF54A2A2d29fe2,4
0x1BCDCC1F1BAD21Fa62d9Ea0D6406A113E924fc09,1
0x1BDf23C9856b8739A3A8d022a1C916B13b1dB819,1
0x1BDf23C9856b8739A3A8d022a1C916B13b1dB819,3
0x1c258Df3535Edb0C8811FcEb40cC30AEdf7914A3,1
0x1C966aF32474528f3DB03c9B1fEC1FF8c7E4911C,2
0x1c97F3191c3B4BB48D03D672C03Da254cE23CfD1,1
0x1c97F3191c3B4BB48D03D672C03Da254cE23CfD1,3
0x1CC51728EBF648BE19E68Da59A3E5A6Bd17b1f08,3
0x1CFd39C42F97d48e19eeC4f0b2402265f96b04A6,4
0x1d0B4038F51887469fee0e3C2168A2a2717011Da,3
0x1d0B4038F51887469fee0e3C2168A2a2717011Da,3
0x1d0B4038F51887469fee0e3C2168A2a2717011Da,4
0x1D19dA85322C5F14201bE546c326E0e6f521B6E6,4
0x1D19dA85322C5F14201bE546c326E0e6f521B6E6,4
0x1d4e1317D147aEc6c28eEe3D9aBBf6A8b9f8E99C,1
0x1d4e1317D147aEc6c28eEe3D9aBBf6A8b9f8E99C,2
0x1d4e1317D147aEc6c28eEe3D9aBBf6A8b9f8E99C,3
0x1d4e1317D147aEc6c28eEe3D9aBBf6A8b9f8E99C,4
0x1D55c0B3750436954D66ca411796F6B40E0Dc924,1
0x1D7E23a8599dF80853F01aB8020b1d979974f21A,2
0x1daAECfdDc0ea8Fb5225de39ae9be5142B939B04,3
0x1E1E33D4BAc69f3f3C894E6C9821652Fd449Df61,1
0x1e749bAc933721a73545C0f9339Cb730c0985c93,3
0x1f11c4B204a0f3570f4bFBA652B195764BC156Af,3
0x1f16B282e6A2e2f700897c0ba80609382e2AC88a,1
0x1FA8C8B9FcD39D7bD657beccbE18f5348BAB22B3,3
0x1fa924e014ea18051F7C28aA43b68dfe1f552F6B,1
0x1Fb933BD52d4b78E3597cF854c37D273740BB5d4,1
0x1Fb933BD52d4b78E3597cF854c37D273740BB5d4,2
0x1Fd50f346d8c3f7c519f0e595d4c18A5eF38C17c,2
0x1Fd50f346d8c3f7c519f0e595d4c18A5eF38C17c,2
0x201b5Abfd44A8F9b75F0fE1BaE74CDaC7675E54B,3
0x207E719DC880e777806FE54e84090dd55a4704c2,1
0x209D68286015eAcc7b9a4FE9ab87D90a12aB4830,4
0x20a4dfD9f50E79bB3106fFE15a82339584383705,4
0x2120E29A69640830af83206faEc13989D4458b13,2
0x21DdA7CC4f6088C47745ccA6d5dE5a67a0170774,3
0x2208d210a9DDE72fF1cD84E85FDEADBCB6bd313F,2
0x22690Daa2EbF5e0C6352597F0AC279928b31b44A,4
0x227c97B67925cf39cA2c8FceC7CC3720D4b1d564,3
0x22c7e27F7E1268C8D1F06A38cF35CA8d505725DC,3
0x231f04FaC730EF1dAfF9C0BAEB26781CA3882026,1
0x231f04FaC730EF1dAfF9C0BAEB26781CA3882026,4
0x232b8B3F94042d7495A6DE2AFFB25a29A868615B,4
0x24035274992543cB3c35D2C7DB220C1F36d1A71D,4
0x242AC2bBbd50dBD84E2804F7A116599887d4B019,4
0x2497EE57f6DB6B32a1751dA1626B15C6FeC80D55,1
0x251eb912e76c3634F65Ea50A1c7B0DB463d24B5b,3
0x255C525cf2dDAcCbBbaC70546Fb24568fAa1a036,2
0x255C525cf2dDAcCbBbaC70546Fb24568fAa1a036,1
0x258E387B44Cb28A2429f4bb7937C24a08B0f9998,1
0x258E387B44Cb28A2429f4bb7937C24a08B0f9998,2
0x25951612e4a3669B1732B55915e55C73F3585AA5,1
0x25951612e4a3669B1732B55915e55C73F3585AA5,4
0x26248643022390255837f966Ec45D3807f759029,3
0x264D98A66D175a0f842DEA9061eBb45D88E8Fe19,1
0x2679476Fe69c2bA8823218F1e19A97Be1d7c88d9,1
0x26F9d36D03F0F7EFcDD734566D5247f71935be4a,1
0x277b173390d5A1aD6248Ce357ea35Fe34d975846,3
0x277b173390d5A1aD6248Ce357ea35Fe34d975846,1
0x277c74f45724945b2066F305fcb5a609312390E2,4
0x27B295fFaC2261a6204E00500452a97eccBa8EA6,1
0x27b3a7F2Fbe6fE901D056D92A221a42A276b707D,4
0x27c7Ae91418daeeC439e236f469052BE9B93B444,2
0x27DB9e57D6aE8E94757E08ff5439fF3F7ae85cdA,1
0x27e0112A796dF596cF3010CC6741374b173feea8,1
0x27e0112A796dF596cF3010CC6741374b173feea8,2
0x27e0112A796dF596cF3010CC6741374b173feea8,3
0x27EE2bF9947E145B9D6cb2a6D014537bE12291F7,3
0x28142F32380eaFCb2e6fC36FfE1B50c307CECDC0,4
0x284802743989be16E448656Fe0576c30eA7A09a5,4
0x2884B1D9d161Bb837CEE99E7853D0577CC8628c6,1
0x28A1b6A3ea26fcE04E1EF889d27ad34845FfD31D,4
0x28C51dCAE80fE86b58E3d00A60606c0168326C4D,1
0x29190801aA1234019209eCB43522Aec9aE41FfAC,1
0x2938212145e90b579d020511fD2311Bb613d251A,3
0x2938212145e90b579d020511fD2311Bb613d251A,4
0x29aE89D44237e6E61a147e56a8AA519323C0cc82,4
0x2A18c8586C4716686448ba29E649e5c940Af0D7b,1
0x2A2197BBcf92bDf93E1Fd8004b8E115Ad1AF775B,4
0x2A2197BBcf92bDf93E1Fd8004b8E115Ad1AF775B,1
0x2A2197BBcf92bDf93E1Fd8004b8E115Ad1AF775B,2
0x2A2197BBcf92bDf93E1Fd8004b8E115Ad1AF775B,4
0x2acAbE24B924E85cc4d03A01e58CD5e057792a6f,4
0x2Ace737C4e7EA9d27e2c9fF8f10c45B87855b20D,2
0x2Ace737C4e7EA9d27e2c9fF8f10c45B87855b20D,4
0x2ad8bBD994DA0862688D7B8830eF4e4121944142,4
0x2aE9c12D8356f11d1Be6C4e91Fe64C10783D42E5,2
0x2bF25408030eD67eAc1DAF20F2d3d47d2D594615,3
0x2bF25408030eD67eAc1DAF20F2d3d47d2D594615,4
0x2BFB87253A3D0bA7C036A1289db04201cdB3BB90,1
0x2C01550d2E5b343e32EBb4F6bf4205bd2A105a6f,3
0x2c8AfFA059e74d8F0a956A63F65a7Ad797E29237,4
0x2cb228Bb29b892b9D781834AFB6Fce814847e64e,4
0x2D8304750A8AC17DC1B9A5Da1c85c0a55f12c3D3,4
0x2DA4a7D85Ac60caE62f2387082CA330b54D85ab9,3
0x2DA4a7D85Ac60caE62f2387082CA330b54D85ab9,4
0x2e32935bfd5b2718f99bc8fdf8b37c16811f7d97,1
0x2Ef6225e3776702B749Fb2917637e001b0C4FB80,1
0x2F76bC2dbFF9632C4b4063F8421BbbbACc0f0809,3
0x2F854fFf050B52D4b6311723E441d5d24430b868,2
0x2F854fFf050B52D4b6311723E441d5d24430b868,4
0x2F8CDB7887111B5c52980C6e3034d627E4a96A33,3
0x2fd0476478C01D0472b264e27F9D3C1b30DAda2A,2
0x300E2A30740CA7C99Bce60D56914f2Ab28De4f35,2
0x304dd164b76CfE8185D10d37AAAB4282B0D6222B,1
0x304dd164b76CfE8185D10d37AAAB4282B0D6222B,3
0x3066df9C62b13aC7159Cad161ca66288D8Dc9915,2
0x30C0518d38a622844457433B3da6cFdD351b8937,2
0x30C0518d38a622844457433B3da6cFdD351b8937,3
0x30c442ec66525e8f64edb75703c9045704601733,2
0x30C80C56f439760D4D0fA33Ed19822a27e7461bb,1
0x30C80C56f439760D4D0fA33Ed19822a27e7461bb,2
0x31242a62F76aec547F00e484b44fAb750d72bE80,4
0x316C07782581C2F956DB3Ab1D08215ad2F9c6Dd1,3
0x31B66A640723162c0f0CC82644e5AcDD5f16A8dD,1
0x31B66A640723162c0f0CC82644e5AcDD5f16A8dD,2
0x31e99699bCCde902afc7C4B6b23bB322b8459d22,1
0x31e99699bCCde902afc7C4B6b23bB322b8459d22,2
0x31f1f8B1c5eD47B8eCC941E55F46251303b2d782,2
0x32191fE4C0854989b656b9c0AF6478Ccdc62Fb31,1
0x329B3Bda9E6B657fA4666febDF914df89fAC08B1,2
0x329B3Bda9E6B657fA4666febDF914df89fAC08B1,4
0x332c81b89c860e68DFaEA87B348c50b731E42eFE,2
0x33480F7fe53f7c105B3A0fBfFC3F6A966bfC8Aa5,1
0x33480F7fe53f7c105B3A0fBfFC3F6A966bfC8Aa5,4
0x337d64e8d2d1e7aad566c410bcb21a405620ba4b,3
0x337d64e8d2d1e7aad566c410bcb21a405620ba4b,1
0x33839bbbcd6e3b8833a2d8b1de59aae698b776ff,2
0x3385638aEaa0B65427F5DD850FAd78f73A6e4235,4
0x3385638aEaa0B65427F5DD850FAd78f73A6e4235,1
0x3385638aEaa0B65427F5DD850FAd78f73A6e4235,2
0x33a83BbF8708Beef3Af2917669bE55dF426B2d52,2
0x341d2f586bf10c2e8dd37ebce2909cf0859e9145,2
0x344A81C457CE524e348f017c2B65bd53b3542807,4
0x344A81C457CE524e348f017c2B65bd53b3542807,2
0x344A81C457CE524e348f017c2B65bd53b3542807,3
0x34d1C8f28aa9B60D863dbb38e53422998AF5798D,3
0x34D8B9e929Df121D4D4a22CF6121aE70E34dAEAE,3
0x34e941E82D0f281e80A72125DBf7070843C4FB19,4
0x35fE793cD375B5823B1375E1AA2F323151387bEB,1
0x364A5e1DCa721304f079932Baf879FfBF1D81Feb,1
0x364A5e1DCa721304f079932Baf879FfBF1D81Feb,2
0x369163f71590d9cca37433C01FB459f6d8813A42,2
0x36CE75631451137Cd8a58CC2879CeF1040176565,2
0x36CE75631451137Cd8a58CC2879CeF1040176565,1
0x36CE75631451137Cd8a58CC2879CeF1040176565,2
0x36d3A4d746fE840E7f1a5dA71187A49B862e4BD6,2
0x36d3A4d746fE840E7f1a5dA71187A49B862e4BD6,1
0x36de990133D36d7E3DF9a820aA3eDE5a2320De71,2
0x36f26E2E5BED062968c17FC770863FD740713205,4
0x36Fb91d4b828b62c15924E69f873B70a9Ac8430D,1
0x370D28491012b433FA9282DB52e585C6aE6eDe16,4
0x374534de1Dfd0B0f965600D887f452f7035eA08b,3
0x376D8c695764d5c675d08ac070d14Ebcf9Fd7577,2
0x376D8c695764d5c675d08ac070d14Ebcf9Fd7577,4
0x376F8F0Cb31E4eC5626d91C19C01a9F98d121117,2
0x377Da95Ac9ADd07d906a6424cd33e65fBbce54c7,1
0x378320b5c5DfddceF82A5A285d3A4A4BF5d681b9,3
0x37e0BFca543b9F94dF91C9032FE6677716C4D35e,1
0x38C501b16655B8F34AE15E8951dAbD9dBF7FE774,4
0x394F5Cddf56Ad6C218B89ad8026a1119E94bcEDD,2
0x394F5Cddf56Ad6C218B89ad8026a1119E94bcEDD,1
0x394F5Cddf56Ad6C218B89ad8026a1119E94bcEDD,1
0x3978BBf0391E06f8C2700c5F80083Cc7bCaBe923,1
0x39Bd97aefB5d77AE82E40071c0682FDF7428e437,2
0x39Bd97aefB5d77AE82E40071c0682FDF7428e437,4
0x3a31d9d9120013A2f1F55Ce45068Ed9Ce4795e9F,2
0x3a52a863de3870f5ff22ab9c2f6ad104b5589efa,1
0x3a85d2fCcB6d547fef9CBDFb0E8ba354fd264416,2
0x3aa11fb3a489FdE5A88801E8Dac7c164B8b6d90c,4
0x3Aa94cb60Ff74b7fE65D4b5D2Ef201d5DEE7417b,1
0x3Ab2Aeb6E18A2607FA5F9727c4A1e7BC001C639e,1
0x3aB8f7E76328c8822122bfed669165a1669a0964,2
0x3aD6bA0793615e496ef85043B70bb6d7C58A7854,2
0x3Af2F409482B506E95CeB6ce39118DC6cd6557B4,2
0x3Af2F409482B506E95CeB6ce39118DC6cd6557B4,4
0x3b0C208DF0dd47a8c70de80c06b99A5085D1e09D,1
0x3b661594817A8b4f265D402185a221D6C4fa057F,1
0x3b661594817A8b4f265D402185a221D6C4fa057F,3
0x3b9bf2738C4818e0D0A32afeB86a57dd8Ee75Bf4,1
0x3baadf3883277ec2d00ef92d074b6d36baffd8af,3
0x3Bb098eEe8e8D3EcC1e33E553274870Ec92D69D4,4
0x3bbF8D701f5356EA9d75f7A3892972b27D99AD47,2
0x3bbF8D701f5356EA9d75f7A3892972b27D99AD47,1
0x3bbF8D701f5356EA9d75f7A3892972b27D99AD47,1
0x3bbF8D701f5356EA9d75f7A3892972b27D99AD47,2
0x3bE5ff91feABb60D4a4a741D0414837E27afD4d5,3
0x3C3e8812C29F4de45A0C6d12A83A021E2EA66a22,1
0x3C3e8812C29F4de45A0C6d12A83A021E2EA66a22,3
0x3C4a7B70AA57f6F2D6872ba0F51E9f7eAEF8b5Ea,2
0x3c4a7b70aa57f6f2d6872ba0f51e9f7eaef8b5ea,3
0x3c595560Cc949CA02D858C342fF39919fa448Cf3,2
0x3Cc16e4e54779B28DB19B062ca9a6487D0574aE6,1
0x3Cc16e4e54779B28DB19B062ca9a6487D0574aE6,1
0x3Cc16e4e54779B28DB19B062ca9a6487D0574aE6,4
0x3cE7958e9AaDa29673D9E090a1d46877b3d56aDC,2
0x3d3ac4cA86e5e8304acEA9c202FDa747cDEc45bB,2
0x3d4b515f1E3bBb9cd76fa93Dfc04ABDd67C915aB,4
0x3D548a6a01C51fAF5a5754487065D8B420Cb2306,1
0x3D78e553e9514a1dFeB5A6735953d6eD75dcca87,2
0x3DbD768F8099c37e2CB68A96AD6564f2b2D5a0Db,3
0x3dD04470511660cF3b3aa7f2F137c16454c6632F,3
0x3DF6c5D04C01F0D16C0EB1535252E93bDE7DF4C0,1
0x3E10553fff3a5Ac28B9A7e7f4afaFB4C1D6Efc0b,1
0x3e2f8Af67390c63196274458D98b5A85Cb892D80,4
0x3e4A503ea62ff44c9611c04Cf2A46AC8eFf3d053,2
0x3EAD00d7E1B95c5E99F287f04c72f62f2CB67c80,1
0x3EAD00d7E1B95c5E99F287f04c72f62f2CB67c80,4
0x3EEb5BBE2A6Aaa7e9D6A56306c0354D298191Dc4,4
0x3EF52FAed4158339F84822f7c6a772fAD9D2f11B,4
0x3f300302aA5A2c4235c2850DD9b4c01Ea482AC2A,1
0x3f35E359c0B216cAB96652b29f0CCf4774E86a3c,4
0x3F81F841f7294CB5CF5fd660400ddad6Cff83381,1
0x3F94069c57595c9703be6892aE92CFbcf6819a90,1
0x401F1eb038dbB2d83232f2dB7Da1B7645ADf073b,3
0x409b3F6363B6C35019F68291398413aAEEe96C04,2
0x409b3F6363B6C35019F68291398413aAEEe96C04,4
0x40E9179ef829E2D3E77eB7cA9e473076b481246b,4
0x4130bD71F9Cd2C7df267fBcF5FD0cD9068BA104a,4
0x41408D85A920752FBDBE4bBC82F5714d59d9E09B,4
0x415160F2BC682E4E2788b4e74aB676b862D5305b,2
0x41618D0B538b490347C0cfbd62D4e46Eff906187,4
0x41Af92A794a0369cA505549ae6a24097C2D26B64,2
0x41c38cA6059Da5F89E978C3CFfC81B7ab6f357E6,1
0x41f717457365828c52cbc75c1f7f211838d133ef,1
0x4219392b9eDe017120723094124066DeBCedCBF2,1
0x4219392b9eDe017120723094124066DeBCedCBF2,2
0x4255357094aC1858291Fb71c746cb0BaEC68065E,2
0x4260E8206c58cD0530d9A5cff55B77D6165c7BCd,1
0x428f1d155fdf23ac6eda1592471ca1817d2454ea,1
0x428f1d155fdf23ac6eda1592471ca1817d2454ea,2
0x428f1d155fdf23ac6eda1592471ca1817d2454ea,3
0x428f1d155fdf23ac6eda1592471ca1817d2454ea,4
0x42bb1788C41CD178b3fF18193450afAD7557eeff,1
0x434EaA43751e17F1488C077d28C22E7959EEa4ab,4
0x43C0045Bc5a655A1fe1E066a5b10f9421dC5c472,1
0x44056A3aD45B2BEaCBffBA2E3F088aeFA1E785f2,2
0x44056A3aD45B2BEaCBffBA2E3F088aeFA1E785f2,4
0x44056A3aD45B2BEaCBffBA2E3F088aeFA1E785f2,3
0x44624E49ce8ABb1d4E89Ed6BC65FA1Ff87E27990,1
0x44D7a0bB71031D189498b81eF83d1607428cC310,1
0x451248229712D6F207ff9466d8D3A33CB59d103c,2
0x451248229712D6F207ff9466d8D3A33CB59d103c,4
0x452046E1582D3Ec33f9181f475Fbe53EF371C3Df,1
0x452832B30D507c37cfC0f0CCa82EF0384B2e8aee,2
0x4536Ae51D26a885d524b70615eAc1fE5DFFB1d3a,4
0x453E5Be22dD740541321105CC013d234595a61fF,3
0x4589F546750dfA54E1cCC381Caa10Fdc3E4B5f87,4
0x45BDF5543058d67a0FF9A226B72e32771Cc51146,4
0x45EA846D9ebc7D8e9877c8f8DeF433D273707C88,3
0x460E1cc725101c95EFeCdCA242eBCc91623d281A,2
0x460E1cc725101c95EFeCdCA242eBCc91623d281A,4
0x46290bAf7f951774A74C027a5EFf167CC1f67156,1
0x46290bAf7f951774A74C027a5EFf167CC1f67156,1
0x46290bAf7f951774A74C027a5EFf167CC1f67156,2
0x46813775296D3b48344d3BfC5D00dA7733e58D86,2
0x469B2c510399DCFC6613c67cC9f4B0cCAA61dd42,3
0x469B2c510399DCFC6613c67cC9f4B0cCAA61dd42,3
0x46C8458081d1f7f66aaEE45a2d8e39B0c5eB023C,3
0x46C8458081d1f7f66aaEE45a2d8e39B0c5eB023C,1
0x472e49348933A08f86d5930502912913C669FE4F,3
0x472e49348933A08f86d5930502912913C669FE4F,4
0x47668BDe7803C838E1fc603C5c9A218bfaD9c156,3
0x48bDCB4f26A7bA556C152E4dbC447E6dEE710093,1
0x48d45096d8f56b00e08C367355d705bAe5FA9a06,3
0x493BC0bBe6f35eD53B5019B5a64649ff785c717A,1
0x49703F538d8e26474eA678Eb19e3F257DefB9950,3
0x498851c01Dd747C4945DeC3d23d1E47eb2c5eDFc,1
0x498851c01Dd747C4945DeC3d23d1E47eb2c5eDFc,3
0x49D11A5aF995Ca35c0D96F4e900a21f858e573B9,1
0x4a04A725EAA382e172a501fF1E88730a1a7856C4,3
0x4a056eD9fD642812286DB2725e712178dbA42E0B,3
0x4a97404ac4932BF9527a68710892786584Cd350B,2
0x4aA856230692dC6B8Cb9F5afc90593dbCf5a09C7,2
0x4aA856230692dC6B8Cb9F5afc90593dbCf5a09C7,3
0x4Ae4974f9e680415FB12D295fd326D47E8ac1FEC,1
0x4Ae4974f9e680415FB12D295fd326D47E8ac1FEC,1
0x4Ae4974f9e680415FB12D295fd326D47E8ac1FEC,4
0x4b409cbC244786eFf47B50ce80444AFd2f73038E,4
0x4B4c605a56dc288D03DA3978Fc9b22716E55770e,1
0x4B4c605a56dc288D03DA3978Fc9b22716E55770e,4
0x4B5Fa6EE442ee66c3AB02c4F914c802a0A877Bd7,3
0x4BC31D7C93DEa1Ab97FaB11f8dE41C21E4de57D3,3
0x4BD4806c28C305eA4A03E77bECfa7F88DD242142,1
0x4BD4806c28C305eA4A03E77bECfa7F88DD242142,2
0x4C2F62d6F34388a8D134907FeA723E7ed902FE22,2
0x4c49d33C9Cd8FaF6C3FdFD853F9c782614b8EEd2,4
0x4c6615660C950DBA762ed5503e5916E57aAEA5CE,2
0x4c6615660C950DBA762ed5503e5916E57aAEA5CE,1
0x4c6615660C950DBA762ed5503e5916E57aAEA5CE,1
0x4c6615660C950DBA762ed5503e5916E57aAEA5CE,2
0x4c6615660C950DBA762ed5503e5916E57aAEA5CE,3
0x4cA1Bb0CC3e0388b50FcB6B2cAA5Cb6189AfB893,4
0x4Cbbc754403c5E55B3F196dF20ABFD5551F1d908,2
0x4Cbbc754403c5E55B3F196dF20ABFD5551F1d908,4
0x4ceaf2a5577457631dc77B8f6f24027d42A248d6,1
0x4ceaf2a5577457631dc77B8f6f24027d42A248d6,4
0x4cec10a99db12e55f990980d6c02fa3839a1221d,3
0x4cee23a86a414086bb3b76632a3b703c5c71a7e6,3
0x4cee23a86a414086bb3b76632a3b703c5c71a7e6,4
0x4D141c08c14BA81f9a43361C1F1bEF2d40FA8933,3
0x4d4BC044b1E4663Fc2de7017E03b63b55bF8694D,1
0x4d4BC044b1E4663Fc2de7017E03b63b55bF8694D,2
0x4d5d947981226778C9deEeE8644C069C6CC4bAbC,2
0x4d5d947981226778C9deEeE8644C069C6CC4bAbC,3
0x4d5d947981226778C9deEeE8644C069C6CC4bAbC,4
0x4da0C11A1d855B658dB55AC9A2a6D82c2794e839,4
0x4da0C11A1d855B658dB55AC9A2a6D82c2794e839,2
0x4da0C11A1d855B658dB55AC9A2a6D82c2794e839,4
0x4da0C11A1d855B658dB55AC9A2a6D82c2794e839,3
0x4da0C11A1d855B658dB55AC9A2a6D82c2794e839,4
0x4e04A5320Ca2e6278c5192136e6992659Dcf4607,1
0x4e04A5320Ca2e6278c5192136e6992659Dcf4607,3
0x4e1711ab44d16d3c94036a1dab49f1a8b4207504,3
0x4e2419e19a204277B03632517560B73223bDE18d,2
0x4e9AadF92367A125030B8d6854e7389411d5AB39,2
0x4ED19B66df3EB9ebA1d38702028CE4D43C18D161,3
0x4f40FEF467a8e34525551Ab49dB6710976AcB8a5,1
0x4f40FEF467a8e34525551Ab49dB6710976AcB8a5,3
0x4F46B89cf689E79608feF1533eD22722eE54eB8E,1
0x4f49D938c3Ad2437c52eb314F9bD7Bdb7FA58Da9,1
0x4f49D938c3Ad2437c52eb314F9bD7Bdb7FA58Da9,2
0x4f639310A05b36f525711fd52AFCe2770851f988,1
0x4f639310A05b36f525711fd52AFCe2770851f988,3
0x4f66f66B916142c055DA9cCA02036aba430a8DCe,2
0x4f66f66B916142c055DA9cCA02036aba430a8DCe,3
0x4f88E41f14c5401Ed57eEa2A5Da4d88c2B9C6602,1
0x4fAC6a41De8A3cec8a3D0AC4d3122EFC2e31004c,1
0x4fAC6a41De8A3cec8a3D0AC4d3122EFC2e31004c,4
0x4FB0C543742B025178c64a4765C120C5C82998DA,1
0x4FEC8de511F457EbBc803Bc56aA16E01B819B919,4
0x4FEC8de511F457EbBc803Bc56aA16E01B819B919,3
0x4FEC8de511F457EbBc803Bc56aA16E01B819B919,4
0x5001243973D82e0136c49662E7af05C6Be0aac2c,2
0x5001243973D82e0136c49662E7af05C6Be0aac2c,3
0x503c862274F4412d972189687BD81071EF8Fabc9,1
0x503c862274F4412d972189687BD81071EF8Fabc9,2
0x5068893A404E022A4CBcfa26D17E37EfDC4B8C56,2
0x50946434946fBB708B3676C583414c7d536b4461,2
0x50Ab81efB05286c5F929540758dB2E15246d903E,3
0x50CeC0c31Fd0FaAE139e42A16e72CfBE11D87032,4
0x50Ea4869B428dc56E43696f603a13F5391F927AE,1
0x51AD94538605f8E5cA232cdB7AdEE26046F9e457,1
0x51AD94538605f8E5cA232cdB7AdEE26046F9e457,2
0x51AD94538605f8E5cA232cdB7AdEE26046F9e457,3
0x51f376FBd4DA807d0E4c6c62d35F3756dA002645,1
0x51f376FBd4DA807d0E4c6c62d35F3756dA002645,3
0x520d705679C6AAF77BF8944bd21Cc39FfB106f1b,1
0x520d705679C6AAF77BF8944bd21Cc39FfB106f1b,2
0x520d705679C6AAF77BF8944bd21Cc39FfB106f1b,4
0x521dd0Ef9aC957174d8021B7745B48ec129E38a7,1
0x522610AEa6067Bc4D705696fb7C5DC10b97c3A8c,4
0x522610AEa6067Bc4D705696fb7C5DC10b97c3A8c,3
0x52b94E0F1074b72915DD327Ac6AD9d99Aa5ae69a,1
0x52C0E2B66eE82EA1c4DCF66f37fb69926CE864CA,1
0x52C0E2B66eE82EA1c4DCF66f37fb69926CE864CA,4
0x53042203Aea49089F804b5702806D58351eDA188,1
0x53042203Aea49089F804b5702806D58351eDA188,2
0x53551D40666223f74a0Cf14FC17636F2804a0945,2
0x53551D40666223f74a0Cf14FC17636F2804a0945,3
0x53551D40666223f74a0Cf14FC17636F2804a0945,4
0x53a646e36Ce64C816ef32C67d32b534BcA55F5F1,2
0x53A7f2bf90778Ce80aE26c00c9332A4C644e742E,1
0x53A7f2bf90778Ce80aE26c00c9332A4C644e742E,2
0x53E67047dd4d996cFf636Da6BD385D4e25c2F3b4,1
0x542e81ea56497e6959CEa58947cbcd29a1CE77A2,1
0x542e81ea56497e6959CEa58947cbcd29a1CE77A2,2
0x543806810595fA850453C08F96D0d0b199243E4f,1
0x543806810595fA850453C08F96D0d0b199243E4f,2
0x54C975bedF692Ae6d485fc97Ce095304cED974A2,4
0x5545cDbb1AC6D61C64012b38bBDE59758fb355EC,3
0x555d3a9F7917Eb7827D7dE41Be8320415E8EcDfD,2
0x555d3a9F7917Eb7827D7dE41Be8320415E8EcDfD,3
0x5584f0901A13B65a92dfe4d80242E242AD204D76,2
0x55c3e66a54da4ff525e9aa5f3229b02cca381701,1
0x565b5719aa63601f269d3b797f3ffcafd5103e06,1
0x56D8216B0fd2Cdf9741B25F38606C19105679c12,1
0x56D8216B0fd2Cdf9741B25F38606C19105679c12,4
0x56EB95e67B84aC62D79612Ca796e1f5dD6e67c83,3
0x56EB95e67B84aC62D79612Ca796e1f5dD6e67c83,4
0x5700Cc3EDc59047D5FF0663AFa17c63C57E2a61C,1
0x5719587059f343b47E4Fc59BE681682318e30516,4
0x5740De1B3BC39f7e100F0DC704735d20fa9458C0,1
0x576EfCe2e7B190434c6c51Af3c8F845a52B3A77F,3
0x578761F0a290EE9746A49276C3CEff79Bc51B333,2
0x57b2cF4c23670052Cd787831fD85798cd34b29CC,1
0x57b2cF4c23670052Cd787831fD85798cd34b29CC,2
0x57b2cF4c23670052Cd787831fD85798cd34b29CC,3
0x58024B6C1005dE40eAC2D4c06bC947ebf2a302Af,2
0x58024B6C1005dE40eAC2D4c06bC947ebf2a302Af,3
0x58024B6C1005dE40eAC2D4c06bC947ebf2a302Af,2
0x58024B6C1005dE40eAC2D4c06bC947ebf2a302Af,3
0x580a9c2f0F76c3eB38506fbf648D647C7C338549,4
0x5839EeE60BEEf04683f17146751d4920584225a9,2
0x58668631edecc4E78492983F38dA5D7511CD541d,2
0x5885e5b11dFe904669b19646149cb4b6114942C7,2
0x5901E1E05b8676504b53bB992f716dBDD1c41be4,1
0x5993FeCb0fF732118e9e609c37E0F550e263598D,4
0x59a8c96a93bDf164195f344029Ce3617989f056A,3
0x5A135930C2353deDcbc332BAF3241c125365FdA7,4
0x5A29e34aA3F7c4f32E23172d4A7D7b25965d54A6,1
0x5A29e34aA3F7c4f32E23172d4A7D7b25965d54A6,4
0x5a7ad9201eb9b35E68660E3A2Fe985860B866B41,3
0x5A8b124f59d8aD29E4e3713EB3eDdB2afA5868ED,3
0x5A8d06823eF092e5F22d55f851F343CF46d08246,1
0x5A9e1C0fa76916f1253528dB09a6F6f451f4431d,1
0x5A9e1C0fa76916f1253528dB09a6F6f451f4431d,2
0x5b18895185025de0abD5bA342CCf2e9f3F7F7291,2
0x5b18895185025de0abD5bA342CCf2e9f3F7F7291,4
0x5b18895185025de0abD5bA342CCf2e9f3F7F7291,3
0x5B58889678fE7641ba90e90E6a42dc6A0AaB7335,2
0x5B58889678fE7641ba90e90E6a42dc6A0AaB7335,2
0x5B58889678fE7641ba90e90E6a42dc6A0AaB7335,1
0x5B78f06123eE99dC8B21D4e1Ef51afE08059d5Ec,2
0x5B78f06123eE99dC8B21D4e1Ef51afE08059d5Ec,3
0x5B99e41dc37553a8ACd9bA10dd8EF3791464E8f5,2
0x5B99e41dc37553a8ACd9bA10dd8EF3791464E8f5,3
0x5BA644BFE39bbC1BEeeFf62649C5000ca49044f5,2
0x5BA644BFE39bbC1BEeeFf62649C5000ca49044f5,4
0x5bad3b4db49a608cdabe277f3fc832f2f7111eb9,3
0x5c0d560764501807040461c21b951cca17082440,2
0x5C2Cb5db7461a4773b3aBACad11ca765196Ac550,2
0x5c3e42D225EfF82324D5d14aE2C2E55d12A92a66,2
0x5c7b16F0a53A6b1FF895A07d832E933DCEFE8C39,1
0x5C9d64CaF722e00b0662F0d59b12778B7f959504,1
0x5D3f1dBDCd6aeFdfd5a5949F23020ec603EB2E62,1
0x5D3f1dBDCd6aeFdfd5a5949F23020ec603EB2E62,3
0x5d482a096E2cc27CCb3Cb492D03894461fCd513e,2
0x5d490C4a0B5D12C317e24D5198becFA304F72929,4
0x5d490C4a0B5D12C317e24D5198becFA304F72929,1
0x5d490C4a0B5D12C317e24D5198becFA304F72929,4
0x5D692101636AB33067bACE8fB3011EAA6c6c5d75,3
0x5D692101636AB33067bACE8fB3011EAA6c6c5d75,1
0x5D692101636AB33067bACE8fB3011EAA6c6c5d75,2
0x5D692101636AB33067bACE8fB3011EAA6c6c5d75,2
0x5D692101636AB33067bACE8fB3011EAA6c6c5d75,4
0x5d6f892d89c8eb80f444fbaB3b003a650BC19A7c,3
0x5e076aedA2aFeaeb3DCE347792651934d0fC0B02,3
0x5e130cB7F8CDCfB5A15018ee5846769703Ec4478,4
0x5e130cB7F8CDCfB5A15018ee5846769703Ec4478,3
0x5e130cB7F8CDCfB5A15018ee5846769703Ec4478,2
0x5EAC09dc8987309F53e72A761EA60b448F3224dD,4
0x5eDA2dc136986Fc88D4DF5696bC464f96A20268A,2
0x5f1ce5C55F7D0f19e546CB6d742E73BB4FF8b3c8,4
0x5f350bF5feE8e254D6077f8661E9C7B83a30364e,4
0x5F4930D1FF3d386A22d5cA81c32406ff5f2d69b4,2
0x5fBd3FdB0ba828332E0C2E65E80316e022578b4b,1
0x5FbeFbCBaF6a7451f25d02e690fBa6FF44a39783,3
0x5Fc119Ab880C1910237d55b3381021D185c7f34f,1
0x60020f103fE5AFE856A84D0C6A785e3f121E98C3,4
0x607560F88d447B8F4BDdBaA5e4C8054C429a335b,2
0x607560F88d447B8F4BDdBaA5e4C8054C429a335b,4
0x60833b391989DB3593fA77478F8BEf4C75c9CF31,2
0x60cE0DB193967AD84dDB75F431D7B476F45C0098,2
0x60cE0DB193967AD84dDB75F431D7B476F45C0098,3
0x60D38778ADbBeeAc88f741B833cbB9877228EEa0,1
0x60eC8b03Ec2616A582818Ed5fd8D409372eeE180,2
0x60eC8b03Ec2616A582818Ed5fd8D409372eeE180,3
0x60eC8b03Ec2616A582818Ed5fd8D409372eeE180,2
0x60eC8b03Ec2616A582818Ed5fd8D409372eeE180,3
0x60Fb029de9cE6db8A3ED1CCb89fb3bB87330D17A,4
0x612685a575BCe1282235D92BeABa1Ce42E0D8839,1
0x61a49f9A9d59196cf72a694A6e74b6600935160B,3
0x62005f74b9386BD9FEf2Cd48Deefbc6dE05137Cb,1
0x62005f74b9386BD9FEf2Cd48Deefbc6dE05137Cb,2
0x6269EfB0b36ef32E7E2456be56Df0853bdAF72a4,1
0x6290413BACEDA506501959BD71acb6c759Ad83bF,4
0x62c1f03FBc85226340De869F65601c9925383777,4
0x62d63b2DF6F372Ef823d941B089b524609795548,4
0x630098B792120d38dF22ecE88378d0676A3ce48c,1
0x630098B792120d38dF22ecE88378d0676A3ce48c,4
0x631B40D0aD3fD20315F3C7B7FB09662c97541DE7,2
0x633312037D26427BeE53fe9ba96872491E508b59,1
0x633fF2f3B6Bc86047C33106d04cC02709767310a,4
0x633fF2f3B6Bc86047C33106d04cC02709767310a,3
0x638D31299F1108DDaF34145cdb5676b875022a9e,1
0x638D31299F1108DDaF34145cdb5676b875022a9e,2
0x63c410A066d5d12217b713cCac5F600A06ba45e6,3
0x63c410A066d5d12217b713cCac5F600A06ba45e6,1
0x63c410A066d5d12217b713cCac5F600A06ba45e6,4
0x63c9a867D704dF159bbBB88EeEe1609196b1995E,1
0x63c9a867D704dF159bbBB88EeEe1609196b1995E,4
0x63daF324EDbc4e996c945EF3e848Eb93Eaa8a147,1
0x64039F1a3fb4Ab1f391B880a1D83507C095D892B,3
0x64115952aAFeEba2d8006f54c49669AFdBD860B2,4
0x6449de54C19aD94721d246EC5ccc0f38BBB65FcC,3
0x644de2865b9f3bA46397F8b933131Ada7f304475,2
0x6493dD252e7dc76a24E719f08A4394b877d69298,1
0x64A0315942f264c09e84A84E4c828793D98D1520,4
0x64FAA6429AedB1BC10BC0b55B4Cd61A582f7F054,4
0x652968C8e951709997418eB6B22B7f2f8E99fdfa,4
0x65975C96DEBf1806F4EB9e216ad73Dd12728D6A0,2
0x65975C96DEBf1806F4EB9e216ad73Dd12728D6A0,1
0x65c1425BF0067D3855B72Da10B2040c2E4942675,3
0x65fa63AC846505aB733c19218b80e5a0881e0877,4
0x66421e50D6821596a17CE87692b072f7963cbff2,4
0x664Fe01207Dc37C84A97A8dCdC28bCc1Da6bEE57,4
0x664Fe01207Dc37C84A97A8dCdC28bCc1Da6bEE57,1
0x664Fe01207Dc37C84A97A8dCdC28bCc1Da6bEE57,2
0x666E866CCB320123e33A87ff0608e36226F8609D,2
0x66cfB37FeF4a9744319406fbFb95c2909f8a1696,1
0x674b629c2799C044B7fA19DD9bd7D6175DE76C91,2
0x675479932fd697E334634c11CC4D15E61E442943,1
0x675479932fd697E334634c11CC4D15E61E442943,2
0x682E35F8796a255A4436396Ac31575221E881578,2
0x68FCF4D9D06F8D2185292F7B6c5Ce171A70C990E,2
0x68FCF4D9D06F8D2185292F7B6c5Ce171A70C990E,4
0x691d41533df56DD9B26a2F76224378B778885BF9,3
0x6957dc902e51cf391a5bc6ad89a74c0d6e14ea21,1
0x695E1B1EC7448D01817A24280f7237d92f873608,3
0x698F64315A3184488f78723768E39252F5ec96DC,1
0x69A13a6e45EbbA1e5309FB9cb15894C77b7413E1,3
0x69aC8b337794dAD862C691b00ccc3a89F1F3293d,3
0x69BDE2470A59ae5e14A38D2d2066aD8969E6e7d5,1
0x69BDE2470A59ae5e14A38D2d2066aD8969E6e7d5,3
0x6A0e62776530d9F9B73463F20e34D0f9fe5FEED1,1
0x6A0e62776530d9F9B73463F20e34D0f9fe5FEED1,3
0x6a13b7F1Ec6e94cE5d77563ce12702da8E4E84B8,3
0x6a2a7FcAf3A40488581C4b64Ee41351E8f4716c7,4
0x6b29b784DD6a73E3Cd0404AE4b347923c2806181,1
0x6b36d12439407426ff5925f4ece1761438867dd1,3
0x6bEd82137Efd1adC5000b313d76F3BC0b4737167,4
0x6C23b538be3C027603A312aEDd75EEFD5494D289,1
0x6C23b538be3C027603A312aEDd75EEFD5494D289,2
0x6C3f68d674ABF0A5c1c6B7AfE6C9bCc74fD37669,3
0x6c4de74f5752960e991D7bf580fDE2cFc5E2CA59,4
0x6C5f0124693b1f82C6Fea0e73031c028307dC816,2
0x6C5f0124693b1f82C6Fea0e73031c028307dC816,4
0x6C5f0124693b1f82C6Fea0e73031c028307dC816,2
0x6c83629EE41222115C19DaeF5694a9Dd8e00fF8D,4
0x6d18f48E330e536B8AFf467C815fe0fA1d16ff57,1
0x6D2a6eECdb13fa3c604328E80b5F887aD297e7b7,3
0x6d53616466B435F8A4702E3b562Ff4C910C150a6,3
0x6d53616466B435F8A4702E3b562Ff4C910C150a6,2
0x6d53616466B435F8A4702E3b562Ff4C910C150a6,2
0x6d554123b71afd4a2d6ea444c3fcb528be061bd3,1
0x6d554123b71afd4a2d6ea444c3fcb528be061bd3,3
0x6d5EbDdA473C81fb8F3C517e19925913451852cA,1
0x6d5EbDdA473C81fb8F3C517e19925913451852cA,4
0x6d8BbbFb01C33603920546Ea470da8a7aefEA267,1
0x6d8BbbFb01C33603920546Ea470da8a7aefEA267,4
0x6d904bcc1A7504a56E04f17c79edb02aa896A6A2,2
0x6d904bcc1A7504a56E04f17c79edb02aa896A6A2,3
0x6E0d0c9969C493CFb5613c1077EdDa36B0eE6C51,3
0x6E2bD36FD533cb939c9B2e90582A882644fc06A8,1
0x6E2bD36FD533cb939c9B2e90582A882644fc06A8,3
0x6e2e777e16E1be1874357aB8B60705095047296D,3
0x6e2e777e16E1be1874357aB8B60705095047296D,4
0x6E44B2A641e417540F9ce4Cb625640Db9ADa2838,1
0x6E6aBB4a0b481781f38f2C61ad46396791324567,1
0x6E6aBB4a0b481781f38f2C61ad46396791324567,1
0x6ED9e051E1dF81F55826C6CC6fF98A577f592640,3
0x6FD6dE5bA9F70f00E2D916f722Fa4b5E26278DC7,1
0x6FD6dE5bA9F70f00E2D916f722Fa4b5E26278DC7,3
0x6fDb68f6b81e945902eB31f2C527978505A5d9B4,1
0x6FfeFA191698231D10926BF00EFEBBC54f9b24dF,2
0x70175D35Ab7cFbE502de791bEeB97F3B6fC7ef1b,2
0x706DdBd813b12daFDd9de81Cfc715A11a119741E,2
0x706DdBd813b12daFDd9de81Cfc715A11a119741E,4
0x7088B2552256E4f45548F556E5963236642B25A1,4
0x70C73Ca8010fb4074A598DDADf90F23c69340379,1
0x70C73Ca8010fb4074A598DDADf90F23c69340379,4
0x71535aae1b6c0c51db317b54d5eee72d1ab843c1,1
0x71728c9C0B88EB250494719b2df8049a6c0dc18D,1
0x71806d1b84c2f24db92E0112091369F52034444d,4
0x71Ed1ed34474469F09622377801DA0A35363d2D7,4
0x720B0b907036B3c00E91c7c0c185B5Dd9E882A1f,2
0x7263C0bA0d332a96566e99457f8f93c2ECd9c03D,3
0x72a8bF79710c3E6C5Ee861E45C0FD55a886B0aAd,2
0x72D47acFf1f026c030000fdB0B0eB22474CaA810,1
0x72D47acFf1f026c030000fdB0B0eB22474CaA810,4
0x73084E4338A64d73180D039FaE40A0e92b105F35,2
0x731Bf28f38110f4862Bd13c0aebd71587684C8a7,3
0x731Bf28f38110f4862Bd13c0aebd71587684C8a7,2
0x731Bf28f38110f4862Bd13c0aebd71587684C8a7,3
0x73538C91EFf3476c721439eeD9c8B4Fc239DAB9d,2
0x73f5a51727e888e71996b8930b2c87f8a2849c53,1
0x7417961b105C29658Ea93cAbCa4391c751e2018a,2
0x745D175Fd6efce85D6C43e27B63178b1F279CB6B,4
0x748dB5C9952f47081f081768b3D92D4dd1E5AD33,2
0x748dB5C9952f47081f081768b3D92D4dd1E5AD33,3
0x748dB5C9952f47081f081768b3D92D4dd1E5AD33,4
0x74b9FEC04c8698b01eBD10b0ceC46F4d853d0555,3
0x74C224e438445fDBB1382f71f7a861DB9a35e6D5,1
0x74C224e438445fDBB1382f71f7a861DB9a35e6D5,2
0x74C4aED579cd7bd50D503154380fEEe75c2FE6cA,3
0x755a3E44D055F13E7C430C6774401Db8f630579d,2
0x755a3E44D055F13E7C430C6774401Db8f630579d,4
0x756D0822Bff0cA472CC430632953C73eE514d8cc,3
0x75f6C2EdAdE8ECeC07De7171E31D2ebA73F7afB1,2
0x75fcEfB06c6295c415ab263894D062A83C812EE0,1
0x75fcEfB06c6295c415ab263894D062A83C812EE0,4
0x765e83605B3E6Ef0E0495512555B5783Cc84974c,3
0x765e83605B3E6Ef0E0495512555B5783Cc84974c,2
0x765e83605B3E6Ef0E0495512555B5783Cc84974c,1
0x765e83605B3E6Ef0E0495512555B5783Cc84974c,3
0x767cf9FB87A2a6CFc7d4c1b6abb6ffD9E16bf642,2
0x769ccd893B9bd9F24750a517374528578CF4f708,1
0x76A588CC12f2E8e18E6C904ed7b63C01f03F2Dd2,1
0x76A588CC12f2E8e18E6C904ed7b63C01f03F2Dd2,3
0x76B4B723180Db67dcebd9D376f6c82d010c350cA,3
0x76E059C6FF6bf9FFFD5f33AFdf4AB2FD511C9DF4,2
0x76e059c6ff6bf9fffd5f33afdf4ab2fd511c9df4,3
0x7710EB43d29483789a1e53aEfbc6Ca929438C4bd,3
0x7710EB43d29483789a1e53aEfbc6Ca929438C4bd,3
0x77a77cbb38fdac42e42bc694269a3bec2cc4947b,2
0x7806fff67c11AAf838E8F7c173Bd2414db1C67c2,1
0x7806fff67c11AAf838E8F7c173Bd2414db1C67c2,2
0x782C93e1C530a283Ef738A58b5671A8fC2D8153f,1
0x7866AcB98FE68aAb6919AE3273937cb862e77812,2
0x78fe376A9BA450B3A633AFBABF423ad1D47Ed5B8,3
0x795e67Cea58a6191187A9C92D9a58BB37bCc116f,4
0x796b0389B596c35d40ec0bef393C46012BFf180C,2
0x79e421C024485ed3E23e264BBa8f2B295950b20a,4
0x7a08fE55cf73629A765fe8c0928508A76cE755cC,1
0x7a08fE55cf73629A765fe8c0928508A76cE755cC,4
0x7aC9C9135de57041095103d2aA8B5Be31B9aa415,1
0x7aC9C9135de57041095103d2aA8B5Be31B9aa415,2
0x7B7D958e3BD36F9b1172D65408551AE2CEf6B0f5,2
0x7b839D5cFaa239E828004E0963cBDc055969224C,1
0x7b839D5cFaa239E828004E0963cBDc055969224C,2
0x7b9AA2472a6FeFd1380B457951b078a4f6eE1B3B,2
0x7c27e27f01a50625b9d9daca55762c68a0581f6e,1
0x7C5CdAcA00E3Bf07BCa714c064ae67b6A3540F7C,2
0x7c64Ea93e495b27d1F7FAA14f012CD4A6b3E0d4b,1
0x7CB5C0c26EFd1678bfF994E8406A366e191a41CC,4
0x7ccD52991f991140AeB52dFFe6dB1f49C4fF273c,2
0x7cd7A5a66d3cd2F13559d7F8a052Fa6014e07d35,2
0x7CE51beE9Fdec8944b8Ce910a4c80916CD00fa55,2
0x7CeF9FAe3186f0B6c158f074cfA54a5b77ab030D,3
0x7cF93787F1a7B05f3583d963dA319d2052f99480,4
0x7d4c353faB1869f352C54aEbC8cEe507980B3101,3
0x7D56867AE0FD8dE19F8caa03E62Fc8d95d0c065B,3
0x7D8FfDf945F307b867CF4B963D21E8F404cA9390,2
0x7dbc51725a1b267e7D2d29ca8Cc392FAFa517e87,3
0x7DF619853181F27534c61D5A702C49B4B7c49778,2
0x7E02972597DbE5C1b5f098496a67F7FA5E81058B,1
0x7e633DF4db5027718D4b46bb2B8CDaa8F25e87dB,4
0x7e633DF4db5027718D4b46bb2B8CDaa8F25e87dB,3
0x7E661089C4Aa6cDFd2C0aDf3F752c87765a38F0E,1
0x7E661089C4Aa6cDFd2C0aDf3F752c87765a38F0E,2
0x7Eb97437FDFa3e42C13eB36f2D61E2D12Fd3aB02,4
0x7ed2920944537A54AB335B8472e5732e08b086C1,2
0x7f918745C1A398fFFf3EC2597866E49e5a8402c6,4
0x7fDF77E88CbE0815fe6c8F32Cc2C24D81678BD07,1
0x80039dc3d5bB48EC4Bd822c4E8828574fdCC51a6,4
0x801257Ac36aF59af1D884637E2a03bD57b70CC4A,1
0x80979A44894c7Fa1F7f560778c0336246bb0cD1c,2
0x80979A44894c7Fa1F7f560778c0336246bb0cD1c,3
0x80979A44894c7Fa1F7f560778c0336246bb0cD1c,1
0x80979A44894c7Fa1F7f560778c0336246bb0cD1c,4
0x80B2FEBf242412D231ec9cD4dB84a51aa23Dbd46,2
0x81070A80918c25B83c4e67C9a348D4Ed44f46B72,4
0x81e08519ac97e8131F1ED861FeEba64d2Ca21b19,2
0x8229b884290ebbbd4bf94509c0490648cd9a1fdf,3
0x827ef6a67CF8607c126eF66b77D6644491EDdd90,2
0x827ef6a67CF8607c126eF66b77D6644491EDdd90,3
0x82a0aFbE58fcc7A23772019dF989d3242DA6cad2,2
0x832bd5e182fA61D05974B547310B386c4CA040Ce,1
0x83B20BeA924FA09F3D1331bA38AEB752B02E20FE,2
0x83CE2f7d8f87664d2C20E1c84dbBb059c80d7845,1
0x83Eeb766F8D5b914F1c9048C4116E4Bd3FBEd185,2
0x840fb996d57DC7A65AecCB6b1198369261FD45f3,4
0x842256DaC412A0865ac21F9FC6500492D09e0E94,2
0x84560360B823b1d62BeF745B352F6B7EE2D92C67,4
0x8457D2A800Ff5dD5A5aAf4B1E0531779f466615F,4
0x848887741B3e38233Cd858c5dD7B48Ca9197FC08,1
0x848B36A53bAdAf78F663233790A9Fb396fbe9aCc,2
0x848F11E9c468be9EF6bF5F1Daa742e6ADF25D7A7,4
0x848F11E9c468be9EF6bF5F1Daa742e6ADF25D7A7,4
0x852b44d586835dD9243B7267151E9ca46F6661f2,1
0x8565f8cbb942abF528e83F4f37CF57567706e895,3
0x8565f8cbb942abF528e83F4f37CF57567706e895,4
0x8571A8ee69681781ae295C915E227E79158Ea9B2,1
0x8571A8ee69681781ae295C915E227E79158Ea9B2,4
0x8575C030887170a49e57E3D51aB67DAC81fA155b,2
0x8575C030887170a49e57E3D51aB67DAC81fA155b,4
0x8575d83AF23507C521024A8898066C1D72115B11,1
0x8575d83AF23507C521024A8898066C1D72115B11,2
0x85c0c09570C955F6e07522E9ad6041716CbBb7fE,2
0x85c2a4b851A3a83da87A7Bd46f4ca64e207d7e36,4
0x864b7682FC58877025707F3d8979Ab822b28856F,4
0x87499e39DF2bAFB27527BafF5c255666A64294b3,4
0x87616575C88AB104996B0e402bC9a057BAe64eaF,2
0x87616575C88AB104996B0e402bC9a057BAe64eaF,4
0x8788DBB58875e4A093eB3294Ba3554d13f030776,3
0x87E36D880d04e87E910bC596840cB6D98f4A828B,4
0x8805B7aAEA47D07bF369EE103af5d40CB9ED15ba,4
0x88463909A9295cb213C45dbd1bE83D7E6a7CFca7,4
0x88aeb86e201E9C778E40CFb64b96d9B21c74212a,3
0x88c9BCB9594d02d9CF06A430f3cde5C16c85EcF1,1
0x88CF4cb43A966eBc95AF95DEFBddd38C8A3c698e,3
0x890B6F3a9DE2FAE9A0EC2398A63890B112cC5b97,3
0x89385bdbA3f22E9e5A76144579c7A22d97e17864,1
0x894FBd3Bc4F627487DC725C9aa34BD4B5b214655,4
0x8965E96a7D017625037acFc2eEcEA022766f95c8,2
0x8999938863F37C05C4eBb1752AB9987AA565B3FD,3
0x8a0F9b2396603a882Ff9b422199E7677150ffD33,2
0x8A1C1fDf37ea83DC9f57b15236CAD5b4BdE61464,2
0x8A4331051C448fF8d586965970b43dA64bcD2200,4
0x8AA89C93369F20b7FD2AA9d2C5B64f8f90302862,1
0x8AA89C93369F20b7FD2AA9d2C5B64f8f90302862,2
0x8B14BC8801eC6d9244f43eC37104a5a287C122fA,1
0x8bC27B0E6BC9e214EAa5fFAD10A72eAd932a265E,3
0x8bCd13779b037D74E704C56c678A64b3E6bf71C5,3
0x8bCd13779b037D74E704C56c678A64b3E6bf71C5,2
0x8bCd13779b037D74E704C56c678A64b3E6bf71C5,4
0x8BD5B5D9Fe2c577A2932a6469374225EE889e3A2,3
0x8BF60B0207834D52393229D00216695a50E5e885,2
0x8c2D946CfeA1A6eED4C79B12Ae1EF01F0A100507,2
0x8c4eb69f28A87a6019D361675eBCD31f26EA28FE,1
0x8c4eb69f28A87a6019D361675eBCD31f26EA28FE,2
0x8C5D253Cfa35d936e6D9e9C288a86C3BFe923a05,1
0x8C5D253Cfa35d936e6D9e9C288a86C3BFe923a05,4
0x8C7F84728FEc10660503E0D56374cc7425141446,3
0x8cf9BBe59996C066C42F2497eb84e56DA0215eED,3
0x8d197dB5204a1fBf647B8fC559B01ecB5643eA26,3
0x8d3Ad35453104F55649fe5c0446005622b0A610e,4
0x8D4aB4bc2A5d434E63BCef48086A43CBC0AE2a14,4
0x8D607eE98F5be22344B093affA938F2f02208962,2
0x8d66F28F2A4D9e4dFb4aCCf9192391daa3409308,2
0x8D75f3f744edAA33a7DDE73F788f7dd2Be127007,3
0x8D75f3f744edAA33a7DDE73F788f7dd2Be127007,2
0x8D75f3f744edAA33a7DDE73F788f7dd2Be127007,1
0x8DbEc17c2dbC2766cfB1aCfbf0E50994B89D67cE,2
0x8e22284e79c0591827267734F73E2Cd020C8bc45,2
0x8E354849649F2D80Ef02dEB55b57C64b18e3E724,1
0x8E354849649F2D80Ef02dEB55b57C64b18e3E724,2
0x8E41039f7542C6037d938a3A590F55858322f936,3
0x8e5e01DCa1706F9Df683c53a6Fc9D4bb8D237153,1
0x8e5e01DCa1706F9Df683c53a6Fc9D4bb8D237153,1
0x8ED3241432754100A1E1d3E7C9ec260B22c3070F,4
0x8Efb87fCCEC90b884F962Ab204677640Fb0f9A45,1
0x8Efb87fCCEC90b884F962Ab204677640Fb0f9A45,2
0x8Efb87fCCEC90b884F962Ab204677640Fb0f9A45,3
0x8F1b352e2F6A9950467472b1F91bcd036cEf3190,1
0x900A7b05cB1e3fBCD699F8dF9c9399ff9d1CbEd2,4
0x900A7b05cB1e3fBCD699F8dF9c9399ff9d1CbEd2,4
0x900A7b05cB1e3fBCD699F8dF9c9399ff9d1CbEd2,2
0x901f253Fc9FE429A3FbFb8a0A4a7280Fb2a78b4B,1
0x901f253Fc9FE429A3FbFb8a0A4a7280Fb2a78b4B,3
0x9115a0A114C25fde83551468593E76Ba4821529D,1
0x914093Fa706485f72994Df21CBa3BAcbce2eda94,3
0x919168c4192a9D64b51a1D6514eBC5690027D912,2
0x91a9B4DA163a1F248C92DBd262aD3e95e042C87E,3
0x91a9B4DA163a1F248C92DBd262aD3e95e042C87E,4
0x921717352D4094e5F89d87273Eb5213F23DBEdAB,2
0x924819E5238545BEDfF0caC2C01326099d08CB5e,2
0x92741750cd4a06Ef98bC896bd3644319A4379D3c,2
0x92987e1093046B5Bdb8B51f9A8ae8dFa4548A4DB,4
0x92ab4765114D0F4eAaac6E8D8C95cdfF20C64a92,1
0x92f93FaDcACb86F6Bd163A87a0944341B838CC62,1
0x92f93FaDcACb86F6Bd163A87a0944341B838CC62,3
0x92f93FaDcACb86F6Bd163A87a0944341B838CC62,4
0x93b1c245def59b629be7523caf4f45e59fae6aa5,4
0x93d522e003bb5c138f8d5a00fcbb0cde9a1a5283,4
0x93d522e003bb5c138f8d5a00fcbb0cde9a1a5283,4
0x93D63c54f81CE8b6Fc7f1081F5b491C647BFc225,1
0x93D63c54f81CE8b6Fc7f1081F5b491C647BFc225,3
0x93f619e8F25df20B047CE579A3BB062e4754428b,2
0x940a310cfa17FAAfdA6690B0eb75f0Da819B12d4,1
0x942A79202a94222819466594D6a0854cfEa082Cb,1
0x942d6Db00798741061C3Cb9B2acF864391B54FB7,3
0x942d6Db00798741061C3Cb9B2acF864391B54FB7,4
0x9487BF974FE9663081EF847e678FCC6Ba04f6b8D,3
0x94c732AAe0b82cb594B9C4f61e7a8779003b8773,3
0x94c732AAe0b82cb594B9C4f61e7a8779003b8773,4
0x952435771D5aD48DE779a23F21b1545C7670687D,2
0x9536d0945eEd5836164c76ec20E57d6DfA14A798,2
0x955Ce4646946afF403209d294e6053026959AA3E,3
0x959D02855c06C131d126e2477Ca3f5A3db19CAAb,2
0x959D02855c06C131d126e2477Ca3f5A3db19CAAb,3
0x95d0a55b2A9E5A9A5625c832dB664D05E0A402F1,4
0x95DEbeae889D7E005aF9B9855333557d93D614c8,4
0x962756880aB6A0Ef4893147bDBcA0AD475271BD2,1
0x962756880aB6A0Ef4893147bDBcA0AD475271BD2,4
0x962f1d02970512aD54200d29010E5565212a76F3,1
0x963f5AB13dfF12Ca8Ada0D5D226ba1606790303E,1
0x964167209C71a0d45d89469C118213884C232054,1
0x964167209C71a0d45d89469C118213884C232054,2
0x964167209C71a0d45d89469C118213884C232054,3
0x969a053968B0A7ef3f3734F36F3045293516f44f,2
0x969a053968B0A7ef3f3734F36F3045293516f44f,3
0x97058E33815ad92a41B31F2aD2c3a95e7fe927BE,2
0x971c58CA1Fbf536d5f3B462767Cd0829B0E26139,2
0x97b39b89cac12C8cd194fd6849D233756A67Dc46,4
0x97c6809962F04bc97421B2f07Fe971fC4bB8CEbC,3
0x989593A779906A51596e84665E24fe2ef4b1F3B0,2
0x98F2ECB45b311BdE728ddBE3D4488407181CC988,2
0x991264c33A3Cc66Dfb549d07701a64d0b685f711,1
0x995a8C6828C91365B09D26C1C1530E15e5665248,1
0x995a8C6828C91365B09D26C1C1530E15e5665248,4
0x996C3FBD3EDcfc3799949540d61CdfAeeD1Ce2fc,2
0x996C3FBD3EDcfc3799949540d61CdfAeeD1Ce2fc,3
0x998B8C893DdF59BB0682281FB5CDb3754AB96616,3
0x99e8d8907792c119347ff1a3cc38ea0be95e89da,4
0x99Eb4FB37d662ba4f94ad400Cd71AC05483D9fc2,1
0x99eC8dc3831F67359a18420449fb028D5dCAa60f,2
0x9A6d90F10736F061eA938DfeF056Fe9d183dc961,4
0x9A6d90F10736F061eA938DfeF056Fe9d183dc961,1
0x9A91D49f57AF0d9471C275150C5b19455C198EC2,4
0x9ae52E3DAeB9Bf9903Fc5085f9A1d87b510952ee,4
0x9b53d3a1e39F8c1eb4d7764E9c15AbEE4CA262e6,1
0x9B7061023cD42263448d48c48572507F19F39b78,3
0x9Be21869873221cAc1Ba391a630B49d0d07a3E42,4
0x9c049e7c26a632c9c9f4d5f95982bec0224844c2,1
0x9C3e453DA0953e65e2892088CB70e329b6821dE5,1
0x9c55a19Eef19Bc7bd261f7C5a2BBCfb5f4b93F17,2
0x9c55a19Eef19Bc7bd261f7C5a2BBCfb5f4b93F17,4
0x9c62f03ecb92ba1fdef2660f91a70762af7e8e9e,2
0x9d2Ab7e492A782f7E7a6fe39F31b86c4b0D2713a,2
0x9d2Ab7e492A782f7E7a6fe39F31b86c4b0D2713a,1
0x9d615b33FD48a335F22ef6d2CC673de9Ca3d585F,1
0x9D70dBc70030b4a935f6f4915B8A4CDDf7C6Cd8C,4
0x9e4984D22702bA43488F97a4576ccCBAD7F0E1fb,3
0x9EA423E57750052118995d5e8c7940953330688c,2
0x9eb0F7d9827653AD87851764fFA44015985Fd1DF,1
0x9eb0F7d9827653AD87851764fFA44015985Fd1DF,4
0x9ecec9045Ea0b034Ca38F4b26632DFa0053EE92D,2
0x9f12efbfbf0960c63ccbc2a2b11f919bbd80713c,4
0x9f24BAdF09389dca5E3C5c553f74114C1CCc6ae4,2
0x9F67Ee9c1f2bBba975B3B2759657ecE2abA2aAD7,4
0x9F67Ee9c1f2bBba975B3B2759657ecE2abA2aAD7,1
0x9Fb6ac0b048a52fA5737988Df4bD73D392376E98,3
0x9Fb6ac0b048a52fA5737988Df4bD73D392376E98,1
0x9Fb6ac0b048a52fA5737988Df4bD73D392376E98,2
0x9Fb6ac0b048a52fA5737988Df4bD73D392376E98,4
0x9Fd5EebBC0B8De81bEf9f64A795ccB5FEDa9a5A5,3
0x9Fd5EebBC0B8De81bEf9f64A795ccB5FEDa9a5A5,4
0xA07916B911618871F1DE3d53c591Baa52624750a,1
0xA07916B911618871F1DE3d53c591Baa52624750a,4
0xa098f988a944beAC1f954C2edd6A9B439c1ce25b,4
0xa098f988a944beAC1f954C2edd6A9B439c1ce25b,4
0xa098f988a944beAC1f954C2edd6A9B439c1ce25b,3
0xa0b574393D2da912e8D30b3723D82B4bF742EF93,1
0xA127753313320Ba499D4cFEa9188b0253905a674,2
0xA127753313320Ba499D4cFEa9188b0253905a674,4
0xa144F9Cd703263E2127666db57179CfDeD818129,1
0xA1D7D0EB2b768341DEA5f0E85AD0dB737B13F359,4
0xa218348AeFFA9D1870A77bE3c666cFA92A6a4FcD,2
0xA235Ac2bB04500D5F36e6f51B33F2BbB2C0aBF62,2
0xA25207Bb8f8EC2423E2ddf2686A0CD2048352f3E,2
0xA25207Bb8f8EC2423E2ddf2686A0CD2048352f3E,4
0xA254aC62F359B9A42890A6aa92cFec8FB1f205E1,1
0xa2A76515Fe779badd0BA5db3F62c51C14d2a70b8,4
0xA2f6AfbBc23E6C4a76d1fBf0D40C1B08aD1516f4,2
0xa35052158DfcAd805b7FAa4eA63225eb39f07678,3
0xa3827BED6D5Fb0F610d5268dA4ecAb2Db8dB1513,3
0xa3827BED6D5Fb0F610d5268dA4ecAb2Db8dB1513,2
0xa3827BED6D5Fb0F610d5268dA4ecAb2Db8dB1513,3
0xA3839fA0C3BBA57BB53FD03A5025C0595f0BA91d,1
0xA389D8F6d8cA5b594f7A6987c10Be28541E81169,2
0xa3cAd1B12d6508E03e77F404BfC87968b68Be9a0,1
0xa3cAd1B12d6508E03e77F404BfC87968b68Be9a0,4
0xa3Dc49A00D594c866ADc40015823Df753A1C550d,2
0xA436Ef5a5026aB74290ba9eE57524Aa7dF4b567a,3
0xa4676386FfAEFCF535C03a7c9b8CB7bC067e80C7,3
0xA49c1E4ee9eBc48BA8FB8166f79D9b628ef64AE6,1
0xA49c1E4ee9eBc48BA8FB8166f79D9b628ef64AE6,2
0xa4b341ed8FDe519DCc3E417690C9A509c825deD1,1
0xA5006F0bfA998550Fb0DF3869CCa577BD76Fe007,1
0xA5006F0bfA998550Fb0DF3869CCa577BD76Fe007,1
0xA5006F0bfA998550Fb0DF3869CCa577BD76Fe007,3
0xA5125a3A481952CE368d35b62BF9963a96637BdB,1
0xA5125a3A481952CE368d35b62BF9963a96637BdB,4
0xa52126809C92a62bA2F2966B5d8cE695a802Da5e,1
0xa52126809C92a62bA2F2966B5d8cE695a802Da5e,3
0xa53E61a416b241bB87619435F4eA27851E347a46,1
0xa567F9af8BD91F9B20FE95B6badE85593dbAE252,1
0xa567F9af8BD91F9B20FE95B6badE85593dbAE252,2
0xa567F9af8BD91F9B20FE95B6badE85593dbAE252,3
0xa567F9af8BD91F9B20FE95B6badE85593dbAE252,4
0xa567F9af8BD91F9B20FE95B6badE85593dbAE252,4
0xA573b5e3DCb1a4e173B916e47daf826E2A8eD4aA,1
0xA573b5e3DCb1a4e173B916e47daf826E2A8eD4aA,2
0xA573b5e3DCb1a4e173B916e47daf826E2A8eD4aA,3
0xA573b5e3DCb1a4e173B916e47daf826E2A8eD4aA,4
0xa57F059876cfb8e91F4088b3622C47B9d6c0B00F,4
0xa5f77b263fde281b9dead523658982625aa37477,4
0xa6154Bd973719DA860d89a58f27241ADDA0b38c1,1
0xA615F34B170329507B37c142f8F812b8e1393BEB,3
0xA64df8f9Bae5e6422EF387170BEd325171576587,1
0xA64df8f9Bae5e6422EF387170BEd325171576587,2
0xa69c57623ccf7f9fbf7fb846d23afb1bdc0ae7eb,1
0xa6D04d44e8f4950858F969B4A42A7af3a33639F3,4
0xa715f8b86857d8ce049e94bd816d307c1dc0c919,4
0xA722f296784B35d20b28BA821570F943dD4446f1,2
0xA746fc0d33079bd20E9C3AD0b4635A2722Fcc130,1
0xA77f750aD214Ea6705c972De9Da1cA30B47Fb03a,2
0xA77f750aD214Ea6705c972De9Da1cA30B47Fb03a,1
0xA77f750aD214Ea6705c972De9Da1cA30B47Fb03a,2
0xA77f750aD214Ea6705c972De9Da1cA30B47Fb03a,4
0xa78e3238a84dcE4c0640AF44c7B61eee13333321,4
0xA7a53f9E924471aEfcbF85ae546F7C0Bd7fcDb9b,1
0xa8d4722B49D87bB6D136Cc8dfbc85ceD1c69A504,1
0xa8d4722B49D87bB6D136Cc8dfbc85ceD1c69A504,3
0xa8F88caAF201B307A4957713f9d106EfB289aD71,2
0xA94b40c53432f0576E64873CE1CEAd1aae62Fc90,1
0xA960463a1F6d2D1f8bdbeB112Fd3D1452DB13bc5,3
0xA960463a1F6d2D1f8bdbeB112Fd3D1452DB13bc5,1
0xA960463a1F6d2D1f8bdbeB112Fd3D1452DB13bc5,1
0xA960463a1F6d2D1f8bdbeB112Fd3D1452DB13bc5,3
0xa99F2DE9256477B61cB29f7e06D2008e47848602,1
0xa99F2DE9256477B61cB29f7e06D2008e47848602,3
0xa9e4b57036Cf96207A517722E7213Ca48dD8edF5,4
0xa9e4b57036Cf96207A517722E7213Ca48dD8edF5,3
0xa9ee039208f214D8FFDD6a8B4E14f9a56fd77E0b,1
0xa9ee039208f214D8FFDD6a8B4E14f9a56fd77E0b,3
0xa9ee039208f214D8FFDD6a8B4E14f9a56fd77E0b,4
0xAa251b2106a4A73D78BB3d6c7Ae189Aff7733ba4,2
0xAA2E742c4Aae3C092BAB731Fa0dcD288dC2C0549,2
0xAA7bC32290C4F0f3d932582800A654132c5f3933,2
0xAa95Baa6271bb2dE52E4C62c6273631CD0b5203F,1
0xaad11A37B820F7981b66a41AaA03c076867f1705,1
0xaad11A37B820F7981b66a41AaA03c076867f1705,3
0xaad11A37B820F7981b66a41AaA03c076867f1705,4
0xaAf0eb7D49cDdBB8D6d516689b9427cf69239C9F,2
0xaAf1add5b69C28C24652bFD08ffE266550e22065,1
0xaAf1add5b69C28C24652bFD08ffE266550e22065,3
0xaAf1add5b69C28C24652bFD08ffE266550e22065,4
0xaB60a3588F30589914C81A83e2c48D03fef1537a,1
0xaB60a3588F30589914C81A83e2c48D03fef1537a,2
0xaB60a3588F30589914C81A83e2c48D03fef1537a,4
0xABe75212b85E2740B797Ec19579ECE70E3aF4D3e,1
0xABe75212b85E2740B797Ec19579ECE70E3aF4D3e,4
0xAc37157fe96F8FE9E34b090D1B6540465e5034Aa,4
0xAc9585D04C212aBF654A164dF10a9f69C30B2b79,3
0xaCd8C60B697e75323e84EE50193138f17Ab53c88,1
0xaCEd59b647Ebd79Bf917e35AF592F7f23bC914FB,4
0xaCEd59b647Ebd79Bf917e35AF592F7f23bC914FB,2
0xAd1D90551681057308AE0B9a147AC27c2735F837,2
0xAd8da231c9fC2B2852D88e3a26d8057466C58797,3
0xAd8da231c9fC2B2852D88e3a26d8057466C58797,1
0xAda87c245CE2DEC669D41d1Ba1De2502CBd33302,3
0xAdb5D91A9eAB07D27755bB3d6c5A9C1009d9E7A9,4
0xAe12AE7De7342B43F236C2fCaFAAcf7901A41A48,2
0xAe12AE7De7342B43F236C2fCaFAAcf7901A41A48,3
0xae2445d1352427A089C9E294aC4162c10AF4Dd15,1
0xae8e8Fb43604440C6865dC076Eb0A66429269bbe,1
0xae8e8Fb43604440C6865dC076Eb0A66429269bbe,2
0xAEB3746Ca5CE3592c904b2777f2E7B577B64C655,1
0xAEB3746Ca5CE3592c904b2777f2E7B577B64C655,4
0xAEd5Bf24e94F6e87D9D29ec125208923C99F0b76,2
0xaee2F40FE0568Bd859Bc6A518c7EF3252FdC9bF0,1
0xaee2F40FE0568Bd859Bc6A518c7EF3252FdC9bF0,2
0xaF06f4b77756Ff7440Ec5eFA96374A965b52F5C4,4
0xaF06f4b77756Ff7440Ec5eFA96374A965b52F5C4,3
0xaF06f4b77756Ff7440Ec5eFA96374A965b52F5C4,4
0xAf317dabCf4EBbD76174516eA0623Ed689B75d8e,4
0xaF4A6Cf25e310E94D662475aA1AcF51B86db3Dd6,2
0xAf61B0f9756163709A129F60c2192876365D13D5,3
0xAf698cCb6EAe7C67FC8173aD4881741d19C29D11,3
0xAf7cFff482FFcdEe8d2E7e56EF631D2eD1556483,4
0xaf859c6DE2b20a67E3D33cE0295655db6e9877B4,4
0xafa7ff986368a59e474518455f1b0b6f0ca2f7a1,4
0xAFD4A549821D65294e23bDc704690AB87F846CE7,2
0xAFEdF843Fb4f07af87C68DD91190E7d3E24110F4,1
0xAFEdF843Fb4f07af87C68DD91190E7d3E24110F4,4
0xB018AC399491B9320A456ad0e696D2032b6bADD3,3
0xb081E87cD068AaBAd9b9CD3946910c970A4d4688,1
0xb081E87cD068AaBAd9b9CD3946910c970A4d4688,2
0xb0f705034feccced5b3e984b3a567150793fbe57,1
0xB152741aE1A83E0CE86D392DE92593376b0FD63B,2
0xB1F9a358003Ae5145805E936dB3aF3c22368e324,3
0xb1FB83e08634C55fD505bBdC8F0441fC1Ca3F47D,4
0xb1FB83e08634C55fD505bBdC8F0441fC1Ca3F47D ,4
0xb27D058c8C64e0FC6DFaf4860D271d51B27A5F88,1
0xb27D058c8C64e0FC6DFaf4860D271d51B27A5F88,3
0xB284E990066886b06B6B5035c509aC7569d3C66a,1
0xb294Ce56b0b12d0f32D61DCA52BD39daE74E1156,3
0xb2C9371e28B51F8b2ea0FD4F1DDcF302dD78ae21,4
0xb3477f60A24F04f2a1397a6a1b1361D968e89c27,2
0xb3477f60A24F04f2a1397a6a1b1361D968e89c27,4
0xb392de0d2fff66f60ce8a065344271fb3b926b84,2
0xb3965d41501494b037903012a2393573BC01A8b0,2
0xb3Bcf62bAeDb5a2aaa5B2f59Be87ab8C7a802dC2,4
0xB3f5C7F3f25ECd0306780B903d60FA45945e284A,4
0xB40b711C32a9370774fD96510E158335491Fe4A0,1
0xb4649884B76c96aAd4739Aed958de7baf6c418Da,4
0xb4b15741a2152d1c8135bD947996B613A8cB584B,2
0xb4b4f7Ec2d0Ade9726e7EBd0B5E4441E7092f799,3
0xb4eCBb9d116A2b38cEE4EdE75b0A96746A175EFB,1
0xb4eCBb9d116A2b38cEE4EdE75b0A96746A175EFB,4
0xb4F5fd6f698f939A172aBE5CC5972a4d3Af0845d,3
0xB54F96d3723b9b14A586B992937582423E1894aa,4
0xB63645e7d96ED194c6379f2d1E856a8100e4178b,1
0xB63645e7d96ED194c6379f2d1E856a8100e4178b,1
0xB63645e7d96ED194c6379f2d1E856a8100e4178b,4
0xb63dd54076ed68ce4919a814982aba21ee447ef0,3
0xb6960Df8014086B894864eC00229b177892c9275,2
0xb6960Df8014086B894864eC00229b177892c9275,1
0xB69716b81966dD4ecEf47D766870617AA1fe0aa5,2
0xB78da930736F2D3D1888d48D52EB0bBFCaA5C3A3,2
0xb7b8d30E12bC60C6c7Ab96e2CEC689f9C0Ff1f30,2
0xB8265F3aFC0c024dD86004A201707C3f2e1c5f16,3
0xB8265F3aFC0c024dD86004A201707C3f2e1c5f16,4
0xb8832d516D0f3094b4BDc5400E36a2A6984233Ea,4
0xB885cdF11022CB4EC07947086833FBE2D079f0e6,3
0xb8F4cD0e46AE8071fA4973aeCb858e7134e007bb,2
0xb91EA5A864256cb7c9d8BC8e9423602a0fde31d6,4
0xb96d70F059FAe89E868FE1334F8aFd4A8aE17349,1
0xb9aFF488EfA59576e9d91160E3309f4F8acC1D6a,4
0xB9FC8af3437384bE704a51094A130A426c83D52a,1
0xBA6e0cb1C117e5E804C1f4E6F5CC479907f3cf49,1
0xBA6e0cb1C117e5E804C1f4E6F5CC479907f3cf49,3
0xBa876e549A95A5A277bbadB0C62124C1a61e8b5A,1
0xbAA32387bd55553Ec806622d524b12BbB8242a19,4
0xBb07f16C0E85dE5D3e3215462293d66C54E974FF,1
0xBb07f16C0E85dE5D3e3215462293d66C54E974FF,4
0xbb78645333c1C594965DDcE981B22c026e1592b3,1
0xbb78645333c1C594965DDcE981B22c026e1592b3,2
0xbb78645333c1C594965DDcE981B22c026e1592b3,4
0xBb979a57c2CEc777a1347a3504e658eb9A42Edc1,2
0xBb979a57c2CEc777a1347a3504e658eb9A42Edc1,4
0xBbBfB3071Fbcaae54b88bB3016D6ad464C0335d5,4
0xBBCF3985Eb53c30a8eEA01d9357314d61fE0e727,2
0xBBE91771869F1Fc0dd567d2d7c3136ed6AC3f0ee,4
0xBc72255a3dEC6641E230fa798D979D8B412E7057,1
0xbcC2ee5c2BC8C88B4de839F44ac62CB003E81bCa,1
0xbcd4003a9f762baE9E880c827773ec5c401a31A1,2
0xbd3dCdc738A9f9B7D7a032Ca286b5152a8b3D310,1
0xBD7007C9A458F4afD372Bd3D8B71e65A16E52cC4,2
0xBD7007C9A458F4afD372Bd3D8B71e65A16E52cC4,4
0xbd779ef9bd011cdd1ea810852cd1875a6db4547f,4
0xbD87EfBd4B883A969b646045DD9A3661468eCc23,4
0xBdE76aCc2cb298Daa796873d2279B1a9113226BA,1
0xBe22d25DD21919FcFcCCe295AbE9464e9340EC6F,3
0xBE5D5878dE4474d4b5D7Fc763fd9690bF67c72b0,1
0xBE7D68d78Ced18330d6C09c72FD131fc1EA5511B,3
0xBE7D68d78Ced18330d6C09c72FD131fc1EA5511B,1
0xBE7D68d78Ced18330d6C09c72FD131fc1EA5511B,4
0xBE7D68d78Ced18330d6C09c72FD131fc1EA5511B,3
0xbefa1156Fb87B82c5A1231cB005097CE680cc74D,2
0xbefa1156Fb87B82c5A1231cB005097CE680cc74D,1
0xbefa1156Fb87B82c5A1231cB005097CE680cc74D,3
0xbf366f4816659e22c6f27BAD31f866023ef39f4b,3
0xBf56D862Dc8a3bc92D6197f3678929b03a009404,4
0xBf8c73CA501Be9F3667C37EB261192A30949e07A,3
0xbFa6B39d0C83EF465e1b6aab7d2C394590a07C3c,1
0xc02C6577C2172F420d6aEDcb2E65591270f1e804,4
0xC0A8D7c093ECeFd6F4AEbE97172731c6A5d5FFf6,1
0xC0A8D7c093ECeFd6F4AEbE97172731c6A5d5FFf6,4
0xC10f61C32353558d7B5c3d74ef013bC245a9c29C,2
0xC10f61C32353558d7B5c3d74ef013bC245a9c29C,3
0xC10f61C32353558d7B5c3d74ef013bC245a9c29C,4
0xC1efA7369A4B5c33dFEECDbbEb41FC82590720a8,1
0xC1efA7369A4B5c33dFEECDbbEb41FC82590720a8,2
0xC1efA7369A4B5c33dFEECDbbEb41FC82590720a8,3
0xc22bC4676e93856a6Bf7FC4BF49fD2a7cF50F3E1,3
0xC2502a2410Ba5878AA11b5BC032bE4bc6C8DCa24,4
0xc25960e595718AC2D4A57D1F6e727704541d0a2b,1
0xC26AcAc68BF0D9ca2de155762E956528E0aD4eCA,2
0xC289f460da0dd194C65Ae69a4Ac5FC4A78BC7272,4
0xC2C1b88760e615C59f8c9eFB42A7D3604da82626,1
0xC307DE9228C2EFBC5E3FA2D02330f8399998e963,3
0xc3173D6836Acb613ac4A5805Cf25bC27311B7b8f,4
0xC3473172C4CF2f2118DC4A10F8E23f60A3078980,3
0xc36549c2c5C33A0947829bc9dE305AcAe41be3d8,2
0xc39cef6472c2d702abb0f383ce78a79f122a6621,4
0xc39dB9C44b26f00483235ecD437aF16C0bA31936,3
0xC3F30B3469c29CaA7953DaB8e73168b194FFF26f,3
0xc40eAB956e48555270De96F26ACa138Fe08A6a1a,2
0xC40F5fc0Fd15369931Af92dE6a04D05Bc217a8Ad,2
0xc4E6C730fF0b963D35F6C8b94437b1f7C314b983,1
0xC54570b8EB8138aCE95132b944b7b6Bb391976Dc,4
0xC54570b8EB8138aCE95132b944b7b6Bb391976Dc,1
0xc5677A735Af055f859668FC299d1CC82faE53385,4
0xC61F9E49bf46f3e4cfA769540C0085Eab78eDd5c,1
0xC61F9E49bf46f3e4cfA769540C0085Eab78eDd5c,1
0xC61F9E49bf46f3e4cfA769540C0085Eab78eDd5c,3
0xc69EFb4dF333115B6Adf93aeF11A36c0d9305BDe,1
0xc69EFb4dF333115B6Adf93aeF11A36c0d9305BDe,3
0xC75dc0A1DF7636798Ce1820fb8f5eA6fF5a7e2d0,3
0xC7efe6269efE82326E64a9E499d3eEEaa760DD4A,3
0xc801570B6b9279b5135C216Ea9DcA4F763DbF7b6,3
0xc801570B6b9279b5135C216Ea9DcA4F763DbF7b6,4
0xc851d28AA741ea7Ffdc0AbB579888cCCeE77e5B1,3
0xc87717503bc9A1D7A06876cee04aA03872C69707,1
0xC8801893AeEaddad9246fe16eD8E944B3CCA68b7,1
0xc957739C4166b24EB85e5857F28EbE0CD3817a3d,4
0xc958C6CFe4ddBC8cAe1705C4beE0CcA91302998D,4
0xc95ae368cF45C833a5cA7d1AaF24Dfe17b3e2e57,2
0xc986e31f13584778D719320aF10b53F57f8d524e,3
0xc986e31f13584778D719320aF10b53F57f8d524e,4
0xC99c1c628E24b181099dfcF174A2fdb44B83651D,4
0xC9aD6CB7b2cD3B85E5099FFDf69eeB592d31a867,2
0xC9aD6CB7b2cD3B85E5099FFDf69eeB592d31a867,4
0xC9e6418817e98a3cB9aa2fC4Fe10aAe7E1E99591,4
0xCA2c1EE8C0274C6719d36E0576b3e94eA9a5c383,1
0xCA5863f3ab71A39b0d1B1324042ec3150F249e1a,1
0xCa6FDc7E703aDCC7F6d101E56725a6aD9aFCF0b6,3
0xcA79EABD69668fDE1e75093c7Da0DDEc4F596B5e,1
0xcA79EABD69668fDE1e75093c7Da0DDEc4F596B5e,4
0xcA79EABD69668fDE1e75093c7Da0DDEc4F596B5e,3
0xcAC23F833330F55407b757299c8DF94F55003533,1
0xcAc59F91E4536Bc0E79aB816a5cD54e89f10433C,3
0xcAD0026742127bE48e44C621d89d6B1641fcdfDc,4
0xcaf3cFF40aFe8f65901de241a7835c1B98688566,3
0xcafcd62114cfc1d16298a1cfec409bca139c899b,3
0xcafcd62114cfc1d16298a1cfec409bca139c899b,4
0xCbB2942037973d54376B61297f77abe461add1cA,4
0xcc61aaafaac195706ccb5e59e48fcbde7afec199,2
0xcC61AaaFAAc195706ccB5E59E48FcBDE7AFec199,3
0xCC6C69684390dbA0E3022e95d95Ac526c26E71Cc,2
0xCC6C69684390dbA0E3022e95d95Ac526c26E71Cc,1
0xCC6C69684390dbA0E3022e95d95Ac526c26E71Cc,4
0xCC89EC35fCECC62273603B6031f93ca692a54414,4
0xCC89EC35fCECC62273603B6031f93ca692a54414,2
0xCC89EC35fCECC62273603B6031f93ca692a54414,4
0xCCb81467b5A83760b68C147536A16bad8B1915c3,4
0xcd1818f72f50B247735811417e48E44d52d72b17,1
0xcD5Ed1559e9D9F39963f451A66a0B742990b1C94,1
0xcD5Ed1559e9D9F39963f451A66a0B742990b1C94,3
0xcDD47dA659cc1b57291D925c66eF1e47199ccE91,4
0xcDD47dA659cc1b57291D925c66eF1e47199ccE91,1
0xcDD47dA659cc1b57291D925c66eF1e47199ccE91,4
0xcDe91cdBa80C5727756A002C337F8237B10a26b3,4
0xcDf75c4afe8911730A0b6671B933cad9e25F466F,2
0xce053448eCC244b0DB6Ac771C6D3a66ABDba4d43,2
0xceb41227eca7b545e5e2ab589cbf4913cf58bace,3
0xcF8743eD063BB63022A7d166dd93B7C35d2Cbb0A,4
0xcf9bb680fd6e35ac55445d9eda73ae617d5493f9,4
0xcfCcA7aEA9e403744858C53E13adF8975dB9038b,2
0xD01BF1342A9b01906909334390Daa9060b9d710e,4
0xD01BF1342A9b01906909334390Daa9060b9d710e,1
0xD01BF1342A9b01906909334390Daa9060b9d710e,3
0xd04c453461a77b342fEA9d1fEc55861399401122,1
0xd0b4b8dc67DdfB92b876C8CEaDfea0770F631354,2
0xD0C353cc5A3C31dc637235B2FE5DDADA5EF28EA6,1
0xd1972B9Eb3A625F0f96d56703E1f2f547f740939,2
0xd1972B9Eb3A625F0f96d56703E1f2f547f740939,3
0xd1972B9Eb3A625F0f96d56703E1f2f547f740939,4
0xd201805c3Fc4def6398384819cb71BD8e2F9F67f,2
0xd21023d1d654b1c90b5313542f358571B7482a23,3
0xd23775aA249A89dBfa1e251a701dd3969FA44fb0,3
0xD293B5c6d5900c30d8866dC5Ae724EA90d55c010,4
0xd2aB8D4477DE157d7A4921E8aE0c90F969C084c7,2
0xd2aB8D4477DE157d7A4921E8aE0c90F969C084c7,4
0xD2d5734000427131a095Db7Ff93015EEF766cA52,3
0xd3012b9834058c2c32B5d74F065F4E7A8e596802,3
0xD3280684A8759a276FE5AcB5F5d9a23039fA0449,2
0xD346EDad0940d6501cf9F53989Bfc591844F9fA2,3
0xD34ecc8585f8EF6b1F27150709b6BAf40625d0Bd,2
0xd411A5685702aa666FCC649f33ea4f8c33Bcbc33,2
0xd411A5685702aa666FCC649f33ea4f8c33Bcbc33,2
0xd411A5685702aa666FCC649f33ea4f8c33Bcbc33,1
0xD44853b471f119d27A483add3452382DD56D9d55,1
0xd4CABF6aE48F682E8cB7eA335dbD2E3597A1DEEC,3
0xd4CABF6aE48F682E8cB7eA335dbD2E3597A1DEEC,4
0xd532d562cEb2e708D1a1342da02Ba6b9Cd0546d9,3
0xd532d562cEb2e708D1a1342da02Ba6b9Cd0546d9,4
0xD537649FBeb1593CbE18EF7382C1968B5CFEb7A9,2
0xd557fb7922680f09202545A75cc6ae35A1C73C01,1
0xD55fEc3E96564D552D469A778941E3E517eEddF3,3
0xd56EE5Ba5A52e15f309108BDd6247C69B4F624C2,1
0xD59e7A4EE2c78974BA737884d1928B58967Ec023,1
0xD59e7A4EE2c78974BA737884d1928B58967Ec023,3
0xD59e7A4EE2c78974BA737884d1928B58967Ec023,4
0xD5aA581eE5D9033b2E36811869781043B1D571A6,2
0xd5BaE19D7918e5a9fa321b824FF5B5094BC06eCF,2
0xd5BaE19D7918e5a9fa321b824FF5B5094BC06eCF,4
0xd5e3d8118373ee48640409e46dd1a7b908c78b7f,4
0xD6087525b08C1679709844475725073fDFded5E3,3
0xd60E5625bea7479884611272deD171164B8eA598,1
0xd6454f3fC21d430d8381bCb1C34cE4d417b59d6B,2
0xd6aEeaDCf111F182fe36774E1B35CC7a24a4eA77,3
0xd6aEeaDCf111F182fe36774E1B35CC7a24a4eA77,3
0xd6aEeaDCf111F182fe36774E1B35CC7a24a4eA77,3
0xd6E1B9510d425f7a6ac5F87C409A05d1cEFB563C,1
0xd6f64c02c14Ac390bf5f772de6CD590f9412bD1C,3
0xd6f64c02c14Ac390bf5f772de6CD590f9412bD1C,2
0xd6fCb49D9333e5dFF6aa0Ec84795C5Df781aA3B0,1
0xd703accc62251189A67106F22d54cD470494De40,3
0xd703accc62251189A67106F22d54cD470494De40,4
0xd72B9B864Ed1695F92dCe52287A51c9E450091fe,3
0xD731A5e3c3F779Bc35DA2F76FA7146Ef0D7D759C,3
0xD738E0d74E190b20D5Eda6f0f23f65C6d925BF24,1
0xD738E0d74E190b20D5Eda6f0f23f65C6d925BF24,3
0xD74714e526dA3fC2E3CA65C7e77d6bc1F9802951,4
0xd78aA5944633c5d0590FBbbE3F1cdDdE63799Ad4,1
0xd78aA5944633c5d0590FBbbE3F1cdDdE63799Ad4,3
0xd7D1aE4e0ba809f25aD3B3ccDF6f5a2BFc59D688,3
0xD7defA67BA53D804De3f29A106F3803F48C6863F,1
0xd7EA0a16007ea32547A20993202D1ab824f10efe,2
0xd7EA0a16007ea32547A20993202D1ab824f10efe,1
0xd7EA0a16007ea32547A20993202D1ab824f10efe,3
0xd7f397a87d0b308Ae01C551553e95D3669506910,2
0xD86A1Bd715A666c0eA4c7244994777476443f9C8,2
0xD86A1Bd715A666c0eA4c7244994777476443f9C8,3
0xd8E37018265F307e3A4F9dbCEAa64e94021e1E7C,3
0xd8E37018265F307e3A4F9dbCEAa64e94021e1E7C,1
0xd8E37018265F307e3A4F9dbCEAa64e94021e1E7C,2
0xD917Eb4dCfCCf91E6496702bc6309d5A59EEF713,2
0xd92b8089B1dC0E6aAdF64Ed07df2CFd2751fd377,2
0xD939C13347cFf006F92b1c23b2DE6Aa5078DFAD8,4
0xD94F45a868D90bBD2f569417E8d8c12103faC5e7,1
0xd9882D9e6dc0e7488DEAa5e1e69ce5dfcE4C3751,1
0xd9882D9e6dc0e7488DEAa5e1e69ce5dfcE4C3751,3
0xD9c5D4FB5C7f50aFa82315fF982BbCAb6EF62443,2
0xDA2327763e24270585244bf1CFA76a59034Fea9A,2
0xda3239782a6D8493B6cC7a30816Df93AC9bBEC76,1
0xdaa0f636d3a1D70d9493d0c8Ea71FD45C54e4092,3
0xDAbBAE361ee98e3643f6EECe82D0B50DF4d6eAF2,4
0xDaCA0Ca6E081aD74e473AC94b87E1Ae18D8EE833,2
0xDaEcbf2050cF3eEDBDEcC3e0667cAFCB216A8630,2
0xDaEcbf2050cF3eEDBDEcC3e0667cAFCB216A8630,4
0xdAf446d096d12E54E47C8CF2C1a05D6a2769981c,1
0xdAf446d096d12E54E47C8CF2C1a05D6a2769981c,2
0xDb256779F72db70611ff9f6E2aa952B407230BE6,4
0xDB452fB1bC99cFb37c41D9a6F1600a6EC3445717,1
0xDB452fB1bC99cFb37c41D9a6F1600a6EC3445717,4
0xdB6EF4c5752e47a3dd6Fe408008DF3a820BED2Ed,2
0xDB7296D0Ed965f07bF2ac6392e4253609Aee2198,4
0xDb8f4F4303162BcC5C453E83B054Ac4208d3bAA7,2
0xDb8f4F4303162BcC5C453E83B054Ac4208d3bAA7,3
0xdB944A61e675cC1D59f4e2D912769dCde250283b,4
0xDc2c3d72DeD9967915B7d4B91b41309a237C0444,2
0xDc2c3d72DeD9967915B7d4B91b41309a237C0444,3
0xDc311Ae81090d5eB86c4616c0Ed8489cC3Df45CB,2
0xdca1f6a5a73cfb8d69487836e4c4a6b13b3d501d,4
0xdd249381bCF95B8a7F448922b0F43C360A265fc7,1
0xdd249381bCF95B8a7F448922b0F43C360A265fc7,2
0xdd249381bCF95B8a7F448922b0F43C360A265fc7,3
0xdd759c556Cb8FA4d8Ad72ef4D207759eDCE6007A,4
0xDd92DA1fD3F4Be000dCa5AA6dBB034110b6a64D2,2
0xdDf602dcd33626164b5904e6b9ec37fB04816a2d,4
0xdDf602dcd33626164b5904e6b9ec37fB04816a2d,1
0xdDf602dcd33626164b5904e6b9ec37fB04816a2d,2
0xdDf602dcd33626164b5904e6b9ec37fB04816a2d,4
0xddf97B102E64471279510656d1958e2b93F8b9E0,1
0xddf97B102E64471279510656d1958e2b93F8b9E0,2
0xde22ab38d99b212838f4e12cd26246be95c3777b,2
0xde22Ab38d99b212838F4e12cd26246BE95c3777B,3
0xDe54074b547F325b9eA169273ade267192ad88fB,2
0xde59db2f37989a26f74082e34a8a0db5d4ce6f54,2
0xde59db2f37989a26f74082e34a8a0db5d4ce6f54,4
0xde64c2925893a6C9841c0aB0D274A886A494f2A8,4
0xDEcaD59242D5E5aA2D41D7061a2086D02D56DdB9,4
0xDed7ce4fA401902f937322b2B895c61958150EA7,4
0xDEea7BE92Cb8a1449A2bc5BBDcCDc44925f92CdE,3
0xDF45A640484De46278694aE3110b0e548125CF1c,1
0xDfDC3c713e89Bd3D134F9257c5B5838961DB0F20,2
0xdfFBfF78cfbA1b59596166a663c91Cb5bAbEE378,3
0xe0B8C5e49D384cA396E8471feb57A7d72e9F80c4,3
0xe0B8C5e49D384cA396E8471feb57A7d72e9F80c4,4
0xe0E6f1B8d17637731669862A5546B2B434B3B098,2
0xe0Ecb73c6802a26f083e69852fEC52A5d08b6206,1
0xe0fdf2c2e7C5274D7793E1f96B92b95582423BFD,1
0xe1690f5153aD0BBc683964aA81645C49b3cF6567,2
0xE2c10a555B2163BDBb6182919d312aC722c8B0CF,3
0xE2DCfB3621fd1970B4289f1F8251C6d1EfB9d0AF,4
0xE2DCfB3621fd1970B4289f1F8251C6d1EfB9d0AF,4
0xe39Bc99b80a9EFD0F14F82AEA1406Eee93D456F2,1
0xe39Bc99b80a9EFD0F14F82AEA1406Eee93D456F2,2
0xe39Bc99b80a9EFD0F14F82AEA1406Eee93D456F2,3
0xe3D1f4b7f36779ADB56884843CC678878d60A282,4
0xE3E39161d35E9A81edEc667a5387bfAE85752854,1
0xe3f1d26864EbF8d59d78778Ce3E47CF6D99e6c65,3
0xe4466cdb7D3e32f905e0e940d5ea9ea75b13226F,4
0xE4529Da64470340be1029E2d4C80Ab406F7A264C,1
0xE4529Da64470340be1029E2d4C80Ab406F7A264C,2
0xE4529Da64470340be1029E2d4C80Ab406F7A264C,4
0xe459AE0DC31194fA0fd626020A25d9A1CeF0047D,1
0xe459AE0DC31194fA0fd626020A25d9A1CeF0047D,2
0xE4fD714001F6Cd80F5FfCfaE4D827538d133dfA7,1
0xE4fD714001F6Cd80F5FfCfaE4D827538d133dfA7,4
0xe53BF833E00d217f849a53f015ADcB36865327de,2
0xE53c0E7aeCBd36e8F6B2241771255398FDD61FA0,3
0xE5621Eb62aB4b6CEeD2617021af183e17d57FD14,1
0xE5621Eb62aB4b6CEeD2617021af183e17d57FD14,2
0xe5E90B93F275FE81d10e4a12cc0e3854d2d21c72,1
0xe5E90B93F275FE81d10e4a12cc0e3854d2d21c72,2
0xe6086BF2e3ec483aDFfB2964709f379DB83c0222,1
0xe6086BF2e3ec483aDFfB2964709f379DB83c0222,3
0xe685dac8D451E8b50Bf20705E9Ea2c737e17B13A,4
0xe685dac8D451E8b50Bf20705E9Ea2c737e17B13A,2
0xE6d30c47C19118d67F09cC395F9A50C8dF3A4E46,4
0xE6D70fD36E2437F40518db90d151a52c52D7A9CF,1
0xe7015b3ADe617d3eC6BD0e68d99DA0e22E90A5fD,4
0xE77e4d22cA9a4Ddf55eB61B627B6Cd25EFe3afFB,2
0xE77e4d22cA9a4Ddf55eB61B627B6Cd25EFe3afFB,4
0xe77f4ad2D5d75c91B94fb7829171ef44335CeC0D,4
0xe77f4ad2D5d75c91B94fb7829171ef44335CeC0D,4
0xe7d4a399Ccc1E40B87233F6e67aF02B69566eD67,3
0xe7E2e52C2a1e5C6a5055Bc5d96414e06bf738E1c,2
0xe7E2e52C2a1e5C6a5055Bc5d96414e06bf738E1c,2
0xe7E2e52C2a1e5C6a5055Bc5d96414e06bf738E1c,2
0xe80977F831f1eB1c75bac90bD35D09226b2C15e3,1
0xE8e879F24b03A69e2b4d4aA8D408010C1Ab4042F,2
0xe8f1f19b27011Fb6Fab243b3a6369D6D515a275a,3
0xEa63336AC871755E99C8A23c48ce256042D1D89c,2
0xEa635Dac1bc7C2d372780675FB739f81178e1704,4
0xeAa80A8443CF37afa63Fd335a6489f9473559509,3
0xeAc074E12925373905e59b139E75f0A84c8A041f,2
0xEb1A4f3005792eCb6Cd170708A2EDb05888E05CB,1
0xeB53c0D437Df717f462f5f05fCc8E94B381FCB31,1
0xEB5472754882c7f6662728DAA655321f2d28F5AC,4
0xEB5472754882c7f6662728DAA655321f2d28F5AC,4
0xEB5472754882c7f6662728DAA655321f2d28F5AC,2
0xeB6CBe5329902D273B4EA1a43d84618F60aC3095_,2
0xeB6CBe5329902D273B4EA1a43d84618F60aC3095_,4
0xeb794215E8Ab99e3475CC69f5fB2d983bCA00FeC,1
0xeB92f0f58b218ad22a22741D5aa5bb7250E70045,2
0xeb92f0f58b218ad22a22741d5aa5bb7250e70045,4
0xEbAa548a7DC3807E0F3f1a6A5DD8dcD52Db7cC12,2
0xebcd0106fc565e8e8229ff3c8fa22ef514bdb4f4,4
0xeBE10828271AD0B09f581760b99aeaaC1E8CbFFD,2
0xEBFcEB7CcfCCf085C624AA66aE65675D24819529,3
0xEc33bd0E864A879bEa2A13EC6076D3070A41965e,2
0xeC4454E7C8062BedF3f2f719E73671C6E9Da6EFA,2
0xEc44B704a51C27C63478700a5F90d5DA53F93097,3
0xEC5e33ADdA04966F2F74067A7297c2BCDdf97aBF,1
0xEc7FE1bbbc4955836BD54d23088A91E5B4b32b77,1
0xEc7FE1bbbc4955836BD54d23088A91E5B4b32b77,3
0xECA050e047C40d9E721fBF6E40cD00f6254017C3,1
0xECA050e047C40d9E721fBF6E40cD00f6254017C3,2
0xECA050e047C40d9E721fBF6E40cD00f6254017C3,4
0xed4c6f44ca06a95a2d3d8aee135ff11179e35b0b,4
0xeE9a87cfDC7cABE47673Ef143912ac4466F4a7E2,1
0xeee6769B5a8CCA4EccdEcD4D4d3Abff8DBfb2Ea1,4
0xEF66070409272E7abA2363d9cd2E7D6Cb690b883,3
0xEf9D571a40baE2128d7A1325346f52ccEc7a50cF,2
0xf05F48304980bbbDb7D1ce47d2776744c389615D,3
0xf07376f3222f3b579d77c1f300434d48fbfb0419,2
0xf07504A96601b35Dd702b07EcC57B2b169866f57,4
0xF07C3957E198FEe430C33bd27Ab9303aBbae5A40,2
0xf0f845850843dC312bdc23517e58008E37044177,2
0xf12699D8830c9b2BE9dC48813B7fF61a6a5C41C3,1
0xF12B1DA381e2FfA7E0D73c512e6eCa10FE4291a3,2
0xf180696Ec5D5Cba6C058cd640B6E829E2838ebac,2
0xf1a88aD58965CF671fb943842B1761F84Bbbf57b,2
0xf1a88aD58965CF671fb943842B1761F84Bbbf57b,4
0xf1c6faf83De831f57225Ce9f9499cCEdb5A2361D,3
0xf1D9302674214A051f5644cE40DEf36e0CDC1E85,2
0xf266b68f049c51b825c719aea0dd15368e15c30b,2
0xf279AD43c9C7af7726C86E0641B3B17fbB413d6D,3
0xF35b3C268abEaC6965CEE050461c50A163Be736C,1
0xF35b3C268abEaC6965CEE050461c50A163Be736C,3
0xF35c5DaC44a2d96A5c6A2f7ad642D9a5de852df8,1
0xF35c5DaC44a2d96A5c6A2f7ad642D9a5de852df8,3
0xF35c5DaC44a2d96A5c6A2f7ad642D9a5de852df8,3
0xF3cd7261F2515C815d2bc0BC509Ff38e45e05d6D,2
0xF3D9281fa183B74F32B96E1c5244596045f4edE8,4
0xF3E6e119972D9FBC06D34919a5EeCE4Ab5E47975,4
0xf3Fa99922F9Cd427d02d36a7f7B4F736c103E911,3
0xF4583AC5C12dF365A850fE2F9ff63DC7AcbaffcB,4
0xF46C3c1fE0F39d072CEC647fe77Ad379386e919D,3
0xF46C3c1fE0F39d072CEC647fe77Ad379386e919D,1
0xF46C3c1fE0F39d072CEC647fe77Ad379386e919D,3
0xF4D926f7104A2599C94f434C07d1DbEc98C6e498,2
0xf4dfddfaee49d88ea9f7078ad150f79cd3f6c78c,1
0xf4dfddfaee49d88ea9f7078ad150f79cd3f6c78c,3
0xF4f87b3d06DB80C7F28a2082DD9181CC48FD6ff0,1
0xF4f87b3d06DB80C7F28a2082DD9181CC48FD6ff0,3
0xF4f87b3d06DB80C7F28a2082DD9181CC48FD6ff0,4
0xF55cF9479009615Eb09c5fc8969dB3eb4534339d,2
0xf5E22DCeD8A2E3c7E036c7BDa2D90941d1fE96a5,3
0xf601BF3c5C62b546CAa55eCca297667d0686AdA0,2
0xF619B1ad7B7525aD492733573724254451Ae60B9,1
0xF67B60569f09601DDb37948564378B2689eFE71c,1
0xF67B60569f09601DDb37948564378B2689eFE71c,4
0xF690ED0bAA0879EbC3fD094b95eef85a4237a30e,2
0xF690ED0bAA0879EbC3fD094b95eef85a4237a30e,3
0xF690ED0bAA0879EbC3fD094b95eef85a4237a30e,1
0xF69DFFa2394739868FD69c3815702ab6b5cE9c28,1
0xF69DFFa2394739868FD69c3815702ab6b5cE9c28,1
0xF69DFFa2394739868FD69c3815702ab6b5cE9c28,2
0xF69DFFa2394739868FD69c3815702ab6b5cE9c28,3
0xf6C1aDD2d4665f63907E3c4359edeCE40E6be9ae,2
0xF7022cAcffBde92a39B90E6EFbF1D25b20191762,2
0xF72EC7BfB2AA9170859d5E759943a96d30fcE15E,4
0xf735Fb5E1a898f8c266258109a36e1DBF82fC20a,2
0xf7476Db5B717aC661C027e684456115ab1e728C3,3
0xF749fdFB64a241e4b9476897Ead1C6A7249BCDbA,4
0xF759bD0B06D8b205E4b05aA43F213637899aa9B9,1
0xF759bD0B06D8b205E4b05aA43F213637899aa9B9,3
0xf7922478a472ad1e8e582f4a08a3bd92dd7f2580,1
0xF7B6070F4d03296Ca828ce775D6FB73A9c6dE1D1,1
0xF7B6070F4d03296Ca828ce775D6FB73A9c6dE1D1,1
0xF7B6070F4d03296Ca828ce775D6FB73A9c6dE1D1,1
0xF7C4de718546a7481c7a4fCf4267EC3518167Ca4,4
0xf7DFB8E4171116FF97917B55BA18EA68190aEb87,2
0xF7e158bd2b6E79eF2F2Ab72ac6CB2fea239c2A9B,2
0xF7e158bd2b6E79eF2F2Ab72ac6CB2fea239c2A9B,3
0xf7E5Db0Ecc3E83d5fdc7DbB8b585b9D078Bd6e44,2
0xF7f08751DAfad4A8819c549C54a5471E403D1352,2
0xF7f08751DAfad4A8819c549C54a5471E403D1352,4
0xF814c05Dd308E04145F301dFb96ff9faca72E29a,3
0xF814c05Dd308E04145F301dFb96ff9faca72E29a,4
0xF84750AE307d6692daF2C9819dc8b2016f2889A3,3
0xF8621AC60FDE06Da492F219BdAA7b2e113aD44DF,3
0xF86E25Ef07C599A6b6c9e376ee12e000A42c2F13,2
0xF8C5c6E6a418BE68296C72E95902524924dF056C,2
0xF92AaE42cb0d6635840aE3Ad825283089aC78c67,1
0xF92AaE42cb0d6635840aE3Ad825283089aC78c67,2
0xF92AaE42cb0d6635840aE3Ad825283089aC78c67,4
0xF93860C51CBD97330a5edd7B43D1B7bc7434c2ef,4
0xf94A395C67cdd5106c9c21460c426b7e4Ba4EEcA,3
0xf95Ac561d50C54fa6Fe2cA508fD615aAb7EA0Cdd,1
0xf95Ac561d50C54fa6Fe2cA508fD615aAb7EA0Cdd,2
0xF997Ec91612FAc111FFB2A3BBafDCB7d5387Db03,4
0xF998c7C1Af3c58eFA6900b13469fc187b9dB0cAB,1
0xF998c7C1Af3c58eFA6900b13469fc187b9dB0cAB,2
0xF998c7C1Af3c58eFA6900b13469fc187b9dB0cAB,3
0xF9A1cA9eB2c63d1B762605440cC100daB850F712,1
0xF9A1cA9eB2c63d1B762605440cC100daB850F712,4
0xF9cF3F5bB025a260Deeb2E20861248c4894a42A5,2
0xF9d410D5a98412deA1Bb8a7F46b9865C044a9b4c,3
0xfA2057493d02fA0CB7020214AFc14C64Fa3f8B29,1
0xfA497B907904dDc735F5059A4ed97275295148c5,3
0xfA497B907904dDc735F5059A4ed97275295148c5,4
0xfA497B907904dDc735F5059A4ed97275295148c5,4
0xfA88c88F68fc7A66CcD512a34F7686FDeD60CAF4,3
0xFB2D9de46459591c40ccF71064EDc1c50Cfe3111,3
0xfb66aaD8138777B702dFEb05Ea30d731c7C51bc5,3
0xfB7e7744ceD23C8ca6eC9eE82CAcE00514B2FD01,3
0xfCA7ABDb5782916D6D2Ad7da822D60529d0C7FB6,3
0xFCF22B67c90Cad767E5DF5bf27e8A896c2991927,2
0xFCF22B67c90Cad767E5DF5bf27e8A896c2991927,3
0xfD0c2f5202987E0484eDb3d1B8164a9BeAA6af89,4
0xFD606dE939ada8b8BcCdfdAA46afD9d4f9Bd6124,1
0xFD606dE939ada8b8BcCdfdAA46afD9d4f9Bd6124,3
0xFD606dE939ada8b8BcCdfdAA46afD9d4f9Bd6124,4
0xFd63Bf84471Bc55DD9A83fdFA293CCBD27e1F4C8,4
0xFd6B31a985ACe46C2F93a5bf877ED0665AdE6737,4
0xfd73a9Da17533137ca8f0f0B9B91cacB63BFF7b0,3
0xfd87Acb6a745ecbEF502f176731F545381EBa783,1
0xFD87D3CEE84eC4b21B6e6Fe8965EF22BBAb6c687,3
0xFd9E173edb21beF255D774c7B51314F92e9f31F9,1
0xfDb8251128C740eF22d5c9ce9A7Bb37F0E2dE50B,2
0xfE3D2dDc6B3e7796946bdEFb153Ba3176088E41F,4
0xfe4CDb1617a9aB2524b69c58A2745BEae57bB8d5,3
0xfe80EDb1fdF94B9361CF1635bcA04e8a5f765250,3
0xFe9120637b5123972ad69F65FAFDdB476860Fb81,1
0xFe9120637b5123972ad69F65FAFDdB476860Fb81,3
0xFE9a706C46B8118a0D01ae22b5E4086Cf5D59b15,1
0xfEc55a57eC78B57d8F79f79eD729aF92FEf9075B,4
0xFEc72A9cD1e043fD2c1f2Cdfa48706B8B941ff1A,1
0xFEc72A9cD1e043fD2c1f2Cdfa48706B8B941ff1A,2
0xFed6b9243748E5a5BB5C1f373fd7Da9fcA235334,4
0xff633a3766F207cA54feF2AbF648f1475E643532,3
0xff633a3766F207cA54feF2AbF648f1475E643532,2
0xff633a3766F207cA54feF2AbF648f1475E643532,3
0xffAd4836B73A1CE5D86230e98Cb3E52cde35379e,4
0xFfE10080e156172f5742fdD4A5bF70208b419B98,4
0x4Ab5E3F0b2d1604dD2002CfEcA6163802D74c6Cb,3
0x99BC02c239025E431D5741cC1DbA8CE77fc51CE3,3
0xf6B6F07862A02C85628B3A9688beae07fEA9C863,3
